"","dependent.var","independent.var","dependent.var.value","independent.var.value","numbers","se","min","max","repeat.var","repeat.var.value","p.value","test.name"
"1","request_1",NA,"no",NA,0.943880110964816,NA,0.931463143383323,0.956297078546309,NA,NA,NA,NA
"2","request_1",NA,"yes",NA,0.056119889035184,NA,0.0437029214536907,0.0685368566166773,NA,NA,NA,NA
"3","request_2",NA,"no",NA,0.99387736091441,NA,0.989188457541688,0.998566264287133,NA,NA,NA,NA
"4","request_2",NA,"yes",NA,0.00612263908558955,NA,0.0014337357128671,0.010811542458312,NA,NA,NA,NA
"5","request_3",NA,"no",NA,0.714289707591209,NA,0.691982879730383,0.736596535452036,NA,NA,NA,NA
"6","request_3",NA,"yes",NA,0.28571029240879,NA,0.263403464547964,0.308017120269617,NA,NA,NA,NA
"7","request_4",NA,"no",NA,0.69472553820216,NA,0.669042564192051,0.720408512212268,NA,NA,NA,NA
"8","request_4",NA,"yes",NA,0.30527446179784,NA,0.279591487787732,0.330957435807949,NA,NA,NA,NA
"9","request_1","displacement_status","no","idp",0.92331421988853,NA,0.906482365570338,0.940146074206722,NA,NA,0.114346736559143,"Pearson's X^2: Rao & Scott adjustment"
"10","request_1","displacement_status","yes","idp",0.0766857801114701,NA,0.059853925793278,0.0935176344296622,NA,NA,0.114346736559143,"Pearson's X^2: Rao & Scott adjustment"
"11","request_1","displacement_status","no","non_displaced",0.946746540405148,NA,0.932498901171386,0.96099417963891,NA,NA,0.114346736559143,"Pearson's X^2: Rao & Scott adjustment"
"12","request_1","displacement_status","yes","non_displaced",0.0532534595948522,NA,0.0390058203610901,0.0675010988286143,NA,NA,0.114346736559143,"Pearson's X^2: Rao & Scott adjustment"
"13","request_1","displacement_status","no","returnee",0.928801215059272,NA,0.905276286057384,0.952326144061161,NA,NA,0.114346736559143,"Pearson's X^2: Rao & Scott adjustment"
"14","request_1","displacement_status","yes","returnee",0.0711987849407275,NA,0.0476738559388387,0.0947237139426163,NA,NA,0.114346736559143,"Pearson's X^2: Rao & Scott adjustment"
"15","request_2","displacement_status","no","idp",0.989801244391422,NA,0.983178414926424,0.99642407385642,NA,NA,0.0139498509624547,"Pearson's X^2: Rao & Scott adjustment"
"16","request_2","displacement_status","yes","idp",0.0101987556085781,NA,0.00357592614357974,0.0168215850735765,NA,NA,0.0139498509624547,"Pearson's X^2: Rao & Scott adjustment"
"17","request_2","displacement_status","no","non_displaced",0.993390442101698,NA,0.987913300874887,0.998867583328508,NA,NA,0.0139498509624547,"Pearson's X^2: Rao & Scott adjustment"
"18","request_2","displacement_status","yes","non_displaced",0.00660955789830238,NA,0.001132416671492,0.0120866991251128,NA,NA,0.0139498509624547,"Pearson's X^2: Rao & Scott adjustment"
"19","request_2","displacement_status","no","returnee",0.999980302221467,NA,0.999941685951984,1.00001891849095,NA,NA,0.0139498509624547,"Pearson's X^2: Rao & Scott adjustment"
"20","request_2","displacement_status","yes","returnee",1.96977785332282e-05,NA,-1.89184909499632e-05,5.83140480164195e-05,NA,NA,0.0139498509624547,"Pearson's X^2: Rao & Scott adjustment"
"21","request_3","displacement_status","no","idp",0.695351674227502,NA,0.669654493369184,0.721048855085819,NA,NA,0.0683110950742712,"Pearson's X^2: Rao & Scott adjustment"
"22","request_3","displacement_status","yes","idp",0.304648325772498,NA,0.278951144914181,0.330345506630816,NA,NA,0.0683110950742712,"Pearson's X^2: Rao & Scott adjustment"
"23","request_3","displacement_status","no","non_displaced",0.710492331448788,NA,0.684818515864016,0.73616614703356,NA,NA,0.0683110950742712,"Pearson's X^2: Rao & Scott adjustment"
"24","request_3","displacement_status","yes","non_displaced",0.289507668551212,NA,0.263833852966439,0.315181484135984,NA,NA,0.0683110950742712,"Pearson's X^2: Rao & Scott adjustment"
"25","request_3","displacement_status","no","returnee",0.755872957062099,NA,0.716580390353997,0.7951655237702,NA,NA,0.0683110950742712,"Pearson's X^2: Rao & Scott adjustment"
"26","request_3","displacement_status","yes","returnee",0.244127042937901,NA,0.2048344762298,0.283419609646003,NA,NA,0.0683110950742712,"Pearson's X^2: Rao & Scott adjustment"
"27","request_4","displacement_status","no","idp",0.636950411685128,NA,0.608264451035038,0.665636372335218,NA,NA,0.0193114241265664,"Pearson's X^2: Rao & Scott adjustment"
"28","request_4","displacement_status","yes","idp",0.363049588314872,NA,0.334363627664782,0.391735548964962,NA,NA,0.0193114241265664,"Pearson's X^2: Rao & Scott adjustment"
"29","request_4","displacement_status","no","non_displaced",0.702592719925271,NA,0.673002024491576,0.732183415358966,NA,NA,0.0193114241265664,"Pearson's X^2: Rao & Scott adjustment"
"30","request_4","displacement_status","yes","non_displaced",0.297407280074729,NA,0.267816584641034,0.326997975508424,NA,NA,0.0193114241265664,"Pearson's X^2: Rao & Scott adjustment"
"31","request_4","displacement_status","no","returnee",0.653962417155329,NA,0.610129177315868,0.69779565699479,NA,NA,0.0193114241265664,"Pearson's X^2: Rao & Scott adjustment"
"32","request_4","displacement_status","yes","returnee",0.346037582844671,NA,0.30220434300521,0.389870822684132,NA,NA,0.0193114241265664,"Pearson's X^2: Rao & Scott adjustment"
"33","request_1","mantika_label","no","Al Jabal Al Gharbi",0.953168871962502,NA,0.91948864883343,0.986849095091574,NA,NA,2.17788697045384e-20,"Pearson's X^2: Rao & Scott adjustment"
"34","request_1","mantika_label","yes","Al Jabal Al Gharbi",0.046831128037498,NA,0.0131509049084257,0.0805113511665704,NA,NA,2.17788697045384e-20,"Pearson's X^2: Rao & Scott adjustment"
"35","request_1","mantika_label","no","Aljfara",0.978286871984128,NA,0.951277560340285,1.00529618362797,NA,NA,2.17788697045384e-20,"Pearson's X^2: Rao & Scott adjustment"
"36","request_1","mantika_label","yes","Aljfara",0.0217131280158718,NA,-0.00529618362797156,0.0487224396597152,NA,NA,2.17788697045384e-20,"Pearson's X^2: Rao & Scott adjustment"
"37","request_1","mantika_label","no","Aljufra",0.275227398123066,NA,0.195678450714714,0.354776345531418,NA,NA,2.17788697045384e-20,"Pearson's X^2: Rao & Scott adjustment"
"38","request_1","mantika_label","yes","Aljufra",0.724772601876934,NA,0.645223654468583,0.804321549285286,NA,NA,2.17788697045384e-20,"Pearson's X^2: Rao & Scott adjustment"
"39","request_1","mantika_label","no","Alkufra",0.98652222699439,NA,0.971000148218231,1.00204430577055,NA,NA,2.17788697045384e-20,"Pearson's X^2: Rao & Scott adjustment"
"40","request_1","mantika_label","yes","Alkufra",0.0134777730056099,NA,-0.00204430577054915,0.0289998517817689,NA,NA,2.17788697045384e-20,"Pearson's X^2: Rao & Scott adjustment"
"41","request_1","mantika_label","no","Azzawya",1,NA,1,1,NA,NA,2.17788697045384e-20,"Pearson's X^2: Rao & Scott adjustment"
"42","request_1","mantika_label","no","Benghazi",0.925163024489221,NA,0.887707414395467,0.962618634582975,NA,NA,2.17788697045384e-20,"Pearson's X^2: Rao & Scott adjustment"
"43","request_1","mantika_label","yes","Benghazi",0.074836975510779,NA,0.0373813654170249,0.112292585604533,NA,NA,2.17788697045384e-20,"Pearson's X^2: Rao & Scott adjustment"
"44","request_1","mantika_label","no","Derna",0.985463828960423,NA,0.968786026480118,1.00214163144073,NA,NA,2.17788697045384e-20,"Pearson's X^2: Rao & Scott adjustment"
"45","request_1","mantika_label","yes","Derna",0.0145361710395773,NA,-0.00214163144072788,0.0312139735198824,NA,NA,2.17788697045384e-20,"Pearson's X^2: Rao & Scott adjustment"
"46","request_1","mantika_label","no","Ejdabia",0.964462323470439,NA,0.933418195992154,0.995506450948724,NA,NA,2.17788697045384e-20,"Pearson's X^2: Rao & Scott adjustment"
"47","request_1","mantika_label","yes","Ejdabia",0.0355376765295608,NA,0.00449354905127573,0.0665818040078459,NA,NA,2.17788697045384e-20,"Pearson's X^2: Rao & Scott adjustment"
"48","request_1","mantika_label","no","Ghat",0.719721444073907,NA,0.659575222573695,0.779867665574119,NA,NA,2.17788697045384e-20,"Pearson's X^2: Rao & Scott adjustment"
"49","request_1","mantika_label","yes","Ghat",0.280278555926093,NA,0.220132334425881,0.340424777426305,NA,NA,2.17788697045384e-20,"Pearson's X^2: Rao & Scott adjustment"
"50","request_1","mantika_label","no","Misrata",0.962815515226558,NA,0.93226224961124,0.993368780841876,NA,NA,2.17788697045384e-20,"Pearson's X^2: Rao & Scott adjustment"
"51","request_1","mantika_label","yes","Misrata",0.0371844847734417,NA,0.0066312191581235,0.0677377503887598,NA,NA,2.17788697045384e-20,"Pearson's X^2: Rao & Scott adjustment"
"52","request_1","mantika_label","no","Murzuq",0.936031525308952,NA,0.892387201902672,0.979675848715232,NA,NA,2.17788697045384e-20,"Pearson's X^2: Rao & Scott adjustment"
"53","request_1","mantika_label","yes","Murzuq",0.0639684746910484,NA,0.0203241512847684,0.107612798097328,NA,NA,2.17788697045384e-20,"Pearson's X^2: Rao & Scott adjustment"
"54","request_1","mantika_label","no","Sebha",0.999643970397622,NA,0.999153147375395,1.00013479341985,NA,NA,2.17788697045384e-20,"Pearson's X^2: Rao & Scott adjustment"
"55","request_1","mantika_label","yes","Sebha",0.000356029602377981,NA,-0.000134793419848773,0.000846852624604735,NA,NA,2.17788697045384e-20,"Pearson's X^2: Rao & Scott adjustment"
"56","request_1","mantika_label","no","Sirt",0.898671305302212,NA,0.859774900662358,0.937567709942065,NA,NA,2.17788697045384e-20,"Pearson's X^2: Rao & Scott adjustment"
"57","request_1","mantika_label","yes","Sirt",0.101328694697788,NA,0.0624322900579352,0.140225099337642,NA,NA,2.17788697045384e-20,"Pearson's X^2: Rao & Scott adjustment"
"58","request_1","mantika_label","no","Tripoli",0.942230376704224,NA,0.904135878075173,0.980324875333275,NA,NA,2.17788697045384e-20,"Pearson's X^2: Rao & Scott adjustment"
"59","request_1","mantika_label","yes","Tripoli",0.0577696232957761,NA,0.019675124666725,0.0958641219248271,NA,NA,2.17788697045384e-20,"Pearson's X^2: Rao & Scott adjustment"
"60","request_1","mantika_label","no","Ubari",0.914470215886738,NA,0.880040985611637,0.948899446161839,NA,NA,2.17788697045384e-20,"Pearson's X^2: Rao & Scott adjustment"
"61","request_1","mantika_label","yes","Ubari",0.0855297841132616,NA,0.0511005538381605,0.119959014388363,NA,NA,2.17788697045384e-20,"Pearson's X^2: Rao & Scott adjustment"
"62","request_1","mantika_label","no","Wadi Ashshati",0.981068021027477,NA,0.957315045866608,1.00482099618834,NA,NA,2.17788697045384e-20,"Pearson's X^2: Rao & Scott adjustment"
"63","request_1","mantika_label","yes","Wadi Ashshati",0.0189319789725235,NA,-0.00482099618834465,0.0426849541333916,NA,NA,2.17788697045384e-20,"Pearson's X^2: Rao & Scott adjustment"
"64","request_1","mantika_label","no","Zwara",0.920286426957474,NA,0.871169468829073,0.969403385085874,NA,NA,2.17788697045384e-20,"Pearson's X^2: Rao & Scott adjustment"
"65","request_1","mantika_label","yes","Zwara",0.0797135730425264,NA,0.0305966149141257,0.128830531170927,NA,NA,2.17788697045384e-20,"Pearson's X^2: Rao & Scott adjustment"
"66","request_2","mantika_label","no","Al Jabal Al Gharbi",1,NA,1,1,NA,NA,0.15568625766834,"Pearson's X^2: Rao & Scott adjustment"
"67","request_2","mantika_label","no","Aljfara",0.999130860631831,NA,0.997931669151998,1.00033005211166,NA,NA,0.15568625766834,"Pearson's X^2: Rao & Scott adjustment"
"68","request_2","mantika_label","yes","Aljfara",0.000869139368169108,NA,-0.000330052111664098,0.00206833084800231,NA,NA,0.15568625766834,"Pearson's X^2: Rao & Scott adjustment"
"69","request_2","mantika_label","no","Aljufra",1,NA,1,1,NA,NA,0.15568625766834,"Pearson's X^2: Rao & Scott adjustment"
"70","request_2","mantika_label","no","Alkufra",1,NA,1,1,NA,NA,0.15568625766834,"Pearson's X^2: Rao & Scott adjustment"
"71","request_2","mantika_label","no","Azzawya",0.999973912258425,NA,0.999922768863895,1.00002505565295,NA,NA,0.15568625766834,"Pearson's X^2: Rao & Scott adjustment"
"72","request_2","mantika_label","yes","Azzawya",2.60877415754182e-05,NA,-2.50556529543154e-05,7.72311361051518e-05,NA,NA,0.15568625766834,"Pearson's X^2: Rao & Scott adjustment"
"73","request_2","mantika_label","no","Benghazi",0.993447280358525,NA,0.981183711568766,1.00571084914828,NA,NA,0.15568625766834,"Pearson's X^2: Rao & Scott adjustment"
"74","request_2","mantika_label","yes","Benghazi",0.00655271964147466,NA,-0.00571084914828431,0.0188162884312336,NA,NA,0.15568625766834,"Pearson's X^2: Rao & Scott adjustment"
"75","request_2","mantika_label","no","Derna",0.992158867657414,NA,0.976786815469708,1.00753091984512,NA,NA,0.15568625766834,"Pearson's X^2: Rao & Scott adjustment"
"76","request_2","mantika_label","yes","Derna",0.00784113234258594,NA,-0.00753091984512048,0.0232131845302924,NA,NA,0.15568625766834,"Pearson's X^2: Rao & Scott adjustment"
"77","request_2","mantika_label","no","Ejdabia",0.96664066715894,NA,0.935685269862965,0.997596064454915,NA,NA,0.15568625766834,"Pearson's X^2: Rao & Scott adjustment"
"78","request_2","mantika_label","yes","Ejdabia",0.03335933284106,NA,0.00240393554508523,0.0643147301370347,NA,NA,0.15568625766834,"Pearson's X^2: Rao & Scott adjustment"
"79","request_2","mantika_label","no","Ghat",1,NA,1,1,NA,NA,0.15568625766834,"Pearson's X^2: Rao & Scott adjustment"
"80","request_2","mantika_label","no","Misrata",0.99818681035996,NA,0.996152458972494,1.00022116174743,NA,NA,0.15568625766834,"Pearson's X^2: Rao & Scott adjustment"
"81","request_2","mantika_label","yes","Misrata",0.00181318964004043,NA,-0.000221161747425495,0.00384754102750636,NA,NA,0.15568625766834,"Pearson's X^2: Rao & Scott adjustment"
"82","request_2","mantika_label","no","Murzuq",0.990195118043439,NA,0.973106274102074,1.0072839619848,NA,NA,0.15568625766834,"Pearson's X^2: Rao & Scott adjustment"
"83","request_2","mantika_label","yes","Murzuq",0.00980488195656085,NA,-0.00728396198480439,0.0268937258979261,NA,NA,0.15568625766834,"Pearson's X^2: Rao & Scott adjustment"
"84","request_2","mantika_label","no","Sebha",1,NA,1,1,NA,NA,0.15568625766834,"Pearson's X^2: Rao & Scott adjustment"
"85","request_2","mantika_label","no","Sirt",1,NA,1,1,NA,NA,0.15568625766834,"Pearson's X^2: Rao & Scott adjustment"
"86","request_2","mantika_label","no","Tripoli",0.991507527718636,NA,0.97565135886424,1.00736369657303,NA,NA,0.15568625766834,"Pearson's X^2: Rao & Scott adjustment"
"87","request_2","mantika_label","yes","Tripoli",0.008492472281364,NA,-0.00736369657303152,0.0243486411357595,NA,NA,0.15568625766834,"Pearson's X^2: Rao & Scott adjustment"
"88","request_2","mantika_label","no","Ubari",0.993512981591643,NA,0.981366110650835,1.00565985253245,NA,NA,0.15568625766834,"Pearson's X^2: Rao & Scott adjustment"
"89","request_2","mantika_label","yes","Ubari",0.00648701840835709,NA,-0.00565985253245109,0.0186338893491653,NA,NA,0.15568625766834,"Pearson's X^2: Rao & Scott adjustment"
"90","request_2","mantika_label","no","Wadi Ashshati",1,NA,1,1,NA,NA,0.15568625766834,"Pearson's X^2: Rao & Scott adjustment"
"91","request_2","mantika_label","no","Zwara",0.99119812602807,NA,0.974334957187237,1.0080612948689,NA,NA,0.15568625766834,"Pearson's X^2: Rao & Scott adjustment"
"92","request_2","mantika_label","yes","Zwara",0.00880187397193015,NA,-0.00806129486890311,0.0256650428127634,NA,NA,0.15568625766834,"Pearson's X^2: Rao & Scott adjustment"
"93","request_3","mantika_label","no","Al Jabal Al Gharbi",0.441287844860919,NA,0.360512687779959,0.522063001941879,NA,NA,1.04940107595548e-40,"Pearson's X^2: Rao & Scott adjustment"
"94","request_3","mantika_label","yes","Al Jabal Al Gharbi",0.558712155139081,NA,0.477936998058121,0.639487312220041,NA,NA,1.04940107595548e-40,"Pearson's X^2: Rao & Scott adjustment"
"95","request_3","mantika_label","no","Aljfara",0.576368676380315,NA,0.48261435237965,0.670123000380979,NA,NA,1.04940107595548e-40,"Pearson's X^2: Rao & Scott adjustment"
"96","request_3","mantika_label","yes","Aljfara",0.423631323619685,NA,0.32987699961902,0.51738564762035,NA,NA,1.04940107595548e-40,"Pearson's X^2: Rao & Scott adjustment"
"97","request_3","mantika_label","no","Aljufra",0.106038213269404,NA,0.0511713453185404,0.160905081220267,NA,NA,1.04940107595548e-40,"Pearson's X^2: Rao & Scott adjustment"
"98","request_3","mantika_label","yes","Aljufra",0.893961786730596,NA,0.839094918779733,0.94882865468146,NA,NA,1.04940107595548e-40,"Pearson's X^2: Rao & Scott adjustment"
"99","request_3","mantika_label","no","Alkufra",0.506600557170664,NA,0.427524250207715,0.585676864133613,NA,NA,1.04940107595548e-40,"Pearson's X^2: Rao & Scott adjustment"
"100","request_3","mantika_label","yes","Alkufra",0.493399442829336,NA,0.414323135866387,0.572475749792285,NA,NA,1.04940107595548e-40,"Pearson's X^2: Rao & Scott adjustment"
"101","request_3","mantika_label","no","Azzawya",0.338206874175335,NA,0.25559508364155,0.420818664709121,NA,NA,1.04940107595548e-40,"Pearson's X^2: Rao & Scott adjustment"
"102","request_3","mantika_label","yes","Azzawya",0.661793125824665,NA,0.579181335290879,0.74440491635845,NA,NA,1.04940107595548e-40,"Pearson's X^2: Rao & Scott adjustment"
"103","request_3","mantika_label","no","Benghazi",0.784571720316712,NA,0.727805493763653,0.841337946869771,NA,NA,1.04940107595548e-40,"Pearson's X^2: Rao & Scott adjustment"
"104","request_3","mantika_label","yes","Benghazi",0.215428279683288,NA,0.158662053130229,0.272194506236347,NA,NA,1.04940107595548e-40,"Pearson's X^2: Rao & Scott adjustment"
"105","request_3","mantika_label","no","Derna",0.826066985572313,NA,0.766104194330442,0.886029776814183,NA,NA,1.04940107595548e-40,"Pearson's X^2: Rao & Scott adjustment"
"106","request_3","mantika_label","yes","Derna",0.173933014427687,NA,0.113970223185817,0.233895805669558,NA,NA,1.04940107595548e-40,"Pearson's X^2: Rao & Scott adjustment"
"107","request_3","mantika_label","no","Ejdabia",0.873868365161048,NA,0.81844701704257,0.929289713279526,NA,NA,1.04940107595548e-40,"Pearson's X^2: Rao & Scott adjustment"
"108","request_3","mantika_label","yes","Ejdabia",0.126131634838952,NA,0.0707102867204742,0.18155298295743,NA,NA,1.04940107595548e-40,"Pearson's X^2: Rao & Scott adjustment"
"109","request_3","mantika_label","no","Ghat",0.627456869723956,NA,0.561378089892789,0.693535649555124,NA,NA,1.04940107595548e-40,"Pearson's X^2: Rao & Scott adjustment"
"110","request_3","mantika_label","yes","Ghat",0.372543130276044,NA,0.306464350444876,0.438621910107211,NA,NA,1.04940107595548e-40,"Pearson's X^2: Rao & Scott adjustment"
"111","request_3","mantika_label","no","Misrata",0.860754880312596,NA,0.804629152907594,0.916880607717598,NA,NA,1.04940107595548e-40,"Pearson's X^2: Rao & Scott adjustment"
"112","request_3","mantika_label","yes","Misrata",0.139245119687404,NA,0.0831193922824015,0.195370847092406,NA,NA,1.04940107595548e-40,"Pearson's X^2: Rao & Scott adjustment"
"113","request_3","mantika_label","no","Murzuq",0.192779625433069,NA,0.12394931400954,0.261609936856598,NA,NA,1.04940107595548e-40,"Pearson's X^2: Rao & Scott adjustment"
"114","request_3","mantika_label","yes","Murzuq",0.807220374566931,NA,0.738390063143401,0.87605068599046,NA,NA,1.04940107595548e-40,"Pearson's X^2: Rao & Scott adjustment"
"115","request_3","mantika_label","no","Sebha",0.695954667160541,NA,0.619018281176492,0.772891053144591,NA,NA,1.04940107595548e-40,"Pearson's X^2: Rao & Scott adjustment"
"116","request_3","mantika_label","yes","Sebha",0.304045332839459,NA,0.227108946855409,0.380981718823508,NA,NA,1.04940107595548e-40,"Pearson's X^2: Rao & Scott adjustment"
"117","request_3","mantika_label","no","Sirt",0.889486438357174,NA,0.849431066134986,0.929541810579363,NA,NA,1.04940107595548e-40,"Pearson's X^2: Rao & Scott adjustment"
"118","request_3","mantika_label","yes","Sirt",0.110513561642826,NA,0.0704581894206374,0.150568933865014,NA,NA,1.04940107595548e-40,"Pearson's X^2: Rao & Scott adjustment"
"119","request_3","mantika_label","no","Tripoli",0.849990866421809,NA,0.78943594007721,0.910545792766407,NA,NA,1.04940107595548e-40,"Pearson's X^2: Rao & Scott adjustment"
"120","request_3","mantika_label","yes","Tripoli",0.150009133578192,NA,0.0894542072335929,0.21056405992279,NA,NA,1.04940107595548e-40,"Pearson's X^2: Rao & Scott adjustment"
"121","request_3","mantika_label","no","Ubari",0.589401702953089,NA,0.522023310415267,0.656780095490912,NA,NA,1.04940107595548e-40,"Pearson's X^2: Rao & Scott adjustment"
"122","request_3","mantika_label","yes","Ubari",0.410598297046911,NA,0.343219904509088,0.477976689584733,NA,NA,1.04940107595548e-40,"Pearson's X^2: Rao & Scott adjustment"
"123","request_3","mantika_label","no","Wadi Ashshati",0.810642864784962,NA,0.740638347444141,0.880647382125784,NA,NA,1.04940107595548e-40,"Pearson's X^2: Rao & Scott adjustment"
"124","request_3","mantika_label","yes","Wadi Ashshati",0.189357135215038,NA,0.119352617874216,0.259361652555859,NA,NA,1.04940107595548e-40,"Pearson's X^2: Rao & Scott adjustment"
"125","request_3","mantika_label","no","Zwara",0.594053510105121,NA,0.506657181463841,0.681449838746402,NA,NA,1.04940107595548e-40,"Pearson's X^2: Rao & Scott adjustment"
"126","request_3","mantika_label","yes","Zwara",0.405946489894879,NA,0.318550161253598,0.493342818536159,NA,NA,1.04940107595548e-40,"Pearson's X^2: Rao & Scott adjustment"
"127","request_4","mantika_label","no","Al Jabal Al Gharbi",0.739070121269074,NA,0.668490419527338,0.809649823010811,NA,NA,9.98870695553054e-09,"Pearson's X^2: Rao & Scott adjustment"
"128","request_4","mantika_label","yes","Al Jabal Al Gharbi",0.260929878730926,NA,0.190350176989189,0.331509580472663,NA,NA,9.98870695553054e-09,"Pearson's X^2: Rao & Scott adjustment"
"129","request_4","mantika_label","no","Aljfara",0.740275597557141,NA,0.656678743899911,0.823872451214371,NA,NA,9.98870695553054e-09,"Pearson's X^2: Rao & Scott adjustment"
"130","request_4","mantika_label","yes","Aljfara",0.259724402442859,NA,0.176127548785629,0.343321256100089,NA,NA,9.98870695553054e-09,"Pearson's X^2: Rao & Scott adjustment"
"131","request_4","mantika_label","no","Aljufra",0.893961786730596,NA,0.839094908109173,0.948828665352019,NA,NA,9.98870695553054e-09,"Pearson's X^2: Rao & Scott adjustment"
"132","request_4","mantika_label","yes","Aljufra",0.106038213269404,NA,0.051171334647981,0.160905091890827,NA,NA,9.98870695553054e-09,"Pearson's X^2: Rao & Scott adjustment"
"133","request_4","mantika_label","no","Alkufra",0.683615286089201,NA,0.609284367487993,0.757946204690408,NA,NA,9.98870695553054e-09,"Pearson's X^2: Rao & Scott adjustment"
"134","request_4","mantika_label","yes","Alkufra",0.316384713910799,NA,0.242053795309592,0.390715632512007,NA,NA,9.98870695553054e-09,"Pearson's X^2: Rao & Scott adjustment"
"135","request_4","mantika_label","no","Azzawya",0.75618517192315,NA,0.681054204683464,0.831316139162835,NA,NA,9.98870695553054e-09,"Pearson's X^2: Rao & Scott adjustment"
"136","request_4","mantika_label","yes","Azzawya",0.24381482807685,NA,0.168683860837165,0.318945795316536,NA,NA,9.98870695553054e-09,"Pearson's X^2: Rao & Scott adjustment"
"137","request_4","mantika_label","no","Benghazi",0.703908441433665,NA,0.640285858298028,0.767531024569303,NA,NA,9.98870695553054e-09,"Pearson's X^2: Rao & Scott adjustment"
"138","request_4","mantika_label","yes","Benghazi",0.296091558566334,NA,0.232468975430697,0.359714141701972,NA,NA,9.98870695553054e-09,"Pearson's X^2: Rao & Scott adjustment"
"139","request_4","mantika_label","no","Derna",0.440252727474639,NA,0.36056546770622,0.519939987243058,NA,NA,9.98870695553054e-09,"Pearson's X^2: Rao & Scott adjustment"
"140","request_4","mantika_label","yes","Derna",0.559747272525361,NA,0.480060012756942,0.63943453229378,NA,NA,9.98870695553054e-09,"Pearson's X^2: Rao & Scott adjustment"
"141","request_4","mantika_label","no","Ejdabia",0.726818475684441,NA,0.652422866614736,0.801214084754146,NA,NA,9.98870695553054e-09,"Pearson's X^2: Rao & Scott adjustment"
"142","request_4","mantika_label","yes","Ejdabia",0.273181524315559,NA,0.198785915245854,0.347577133385264,NA,NA,9.98870695553054e-09,"Pearson's X^2: Rao & Scott adjustment"
"143","request_4","mantika_label","no","Ghat",0.64832596483292,NA,0.583118502332061,0.71353342733378,NA,NA,9.98870695553054e-09,"Pearson's X^2: Rao & Scott adjustment"
"144","request_4","mantika_label","yes","Ghat",0.35167403516708,NA,0.28646657266622,0.416881497667939,NA,NA,9.98870695553054e-09,"Pearson's X^2: Rao & Scott adjustment"
"145","request_4","mantika_label","no","Misrata",0.850815208395776,NA,0.791755869589468,0.909874547202085,NA,NA,9.98870695553054e-09,"Pearson's X^2: Rao & Scott adjustment"
"146","request_4","mantika_label","yes","Misrata",0.149184791604224,NA,0.0901254527979153,0.208244130410532,NA,NA,9.98870695553054e-09,"Pearson's X^2: Rao & Scott adjustment"
"147","request_4","mantika_label","no","Murzuq",0.904083671230271,NA,0.854637014058353,0.95353032840219,NA,NA,9.98870695553054e-09,"Pearson's X^2: Rao & Scott adjustment"
"148","request_4","mantika_label","yes","Murzuq",0.0959163287697288,NA,0.0464696715978106,0.145362985941647,NA,NA,9.98870695553054e-09,"Pearson's X^2: Rao & Scott adjustment"
"149","request_4","mantika_label","no","Sebha",0.622276650616004,NA,0.54352816589898,0.701025135333028,NA,NA,9.98870695553054e-09,"Pearson's X^2: Rao & Scott adjustment"
"150","request_4","mantika_label","yes","Sebha",0.377723349383996,NA,0.298974864666972,0.45647183410102,NA,NA,9.98870695553054e-09,"Pearson's X^2: Rao & Scott adjustment"
"151","request_4","mantika_label","no","Sirt",0.590263367480081,NA,0.529252892342329,0.651273842617833,NA,NA,9.98870695553054e-09,"Pearson's X^2: Rao & Scott adjustment"
"152","request_4","mantika_label","yes","Sirt",0.409736632519919,NA,0.348726157382167,0.470747107657671,NA,NA,9.98870695553054e-09,"Pearson's X^2: Rao & Scott adjustment"
"153","request_4","mantika_label","no","Tripoli",0.642895913869942,NA,0.562021098809113,0.723770728930771,NA,NA,9.98870695553054e-09,"Pearson's X^2: Rao & Scott adjustment"
"154","request_4","mantika_label","yes","Tripoli",0.357104086130058,NA,0.276229271069229,0.437978901190887,NA,NA,9.98870695553054e-09,"Pearson's X^2: Rao & Scott adjustment"
"155","request_4","mantika_label","no","Ubari",0.624686427598582,NA,0.556918686319653,0.692454168877511,NA,NA,9.98870695553054e-09,"Pearson's X^2: Rao & Scott adjustment"
"156","request_4","mantika_label","yes","Ubari",0.375313572401418,NA,0.307545831122489,0.443081313680347,NA,NA,9.98870695553054e-09,"Pearson's X^2: Rao & Scott adjustment"
"157","request_4","mantika_label","no","Wadi Ashshati",0.835298764870109,NA,0.769430428671753,0.901167101068465,NA,NA,9.98870695553054e-09,"Pearson's X^2: Rao & Scott adjustment"
"158","request_4","mantika_label","yes","Wadi Ashshati",0.164701235129891,NA,0.098832898931535,0.230569571328247,NA,NA,9.98870695553054e-09,"Pearson's X^2: Rao & Scott adjustment"
"159","request_4","mantika_label","no","Zwara",0.710581322548474,NA,0.630109116093411,0.791053529003537,NA,NA,9.98870695553054e-09,"Pearson's X^2: Rao & Scott adjustment"
"160","request_4","mantika_label","yes","Zwara",0.289418677451526,NA,0.208946470996463,0.369890883906589,NA,NA,9.98870695553054e-09,"Pearson's X^2: Rao & Scott adjustment"
"161","request_1","strata.names","no","Al Jabal Al Gharbi_idp",0.907407407407407,NA,0.852472215144095,0.96234259967072,NA,NA,2.79085512897662e-19,"Pearson's X^2: Rao & Scott adjustment"
"162","request_1","strata.names","yes","Al Jabal Al Gharbi_idp",0.0925925925925926,NA,0.0376574003292803,0.147527784855905,NA,NA,2.79085512897662e-19,"Pearson's X^2: Rao & Scott adjustment"
"163","request_1","strata.names","no","Al Jabal Al Gharbi_non_displaced",0.955357142857143,NA,0.916928890482285,0.993785395232001,NA,NA,2.79085512897662e-19,"Pearson's X^2: Rao & Scott adjustment"
"164","request_1","strata.names","yes","Al Jabal Al Gharbi_non_displaced",0.0446428571428571,NA,0.00621460476799889,0.0830711095177154,NA,NA,2.79085512897662e-19,"Pearson's X^2: Rao & Scott adjustment"
"165","request_1","strata.names","no","Al Jabal Al Gharbi_returnee",0.962962962962963,NA,0.927171102281977,0.998754823643949,NA,NA,2.79085512897662e-19,"Pearson's X^2: Rao & Scott adjustment"
"166","request_1","strata.names","yes","Al Jabal Al Gharbi_returnee",0.037037037037037,NA,0.00124517635605139,0.0728288977180227,NA,NA,2.79085512897662e-19,"Pearson's X^2: Rao & Scott adjustment"
"167","request_1","strata.names","no","Aljfara_idp",0.953703703703704,NA,0.913880038747429,0.993527368659978,NA,NA,2.79085512897662e-19,"Pearson's X^2: Rao & Scott adjustment"
"168","request_1","strata.names","yes","Aljfara_idp",0.0462962962962963,NA,0.00647263134002142,0.0861199612525712,NA,NA,2.79085512897662e-19,"Pearson's X^2: Rao & Scott adjustment"
"169","request_1","strata.names","no","Aljfara_non_displaced",0.979166666666667,NA,0.95043907995259,1.00789425338074,NA,NA,2.79085512897662e-19,"Pearson's X^2: Rao & Scott adjustment"
"170","request_1","strata.names","yes","Aljfara_non_displaced",0.0208333333333333,NA,-0.00789425338074347,0.0495609200474101,NA,NA,2.79085512897662e-19,"Pearson's X^2: Rao & Scott adjustment"
"171","request_1","strata.names","no","Aljfara_returnee",1,NA,1,1,NA,NA,2.79085512897662e-19,"Pearson's X^2: Rao & Scott adjustment"
"172","request_1","strata.names","no","Aljufra_idp",0.376623376623377,NA,0.267661304996075,0.485585448250678,NA,NA,2.79085512897662e-19,"Pearson's X^2: Rao & Scott adjustment"
"173","request_1","strata.names","yes","Aljufra_idp",0.623376623376623,NA,0.514414551749322,0.732338695003924,NA,NA,2.79085512897662e-19,"Pearson's X^2: Rao & Scott adjustment"
"174","request_1","strata.names","no","Aljufra_non_displaced",0.271929824561403,NA,0.189870285090801,0.353989364032006,NA,NA,2.79085512897662e-19,"Pearson's X^2: Rao & Scott adjustment"
"175","request_1","strata.names","yes","Aljufra_non_displaced",0.728070175438596,NA,0.646010635967994,0.810129714909199,NA,NA,2.79085512897662e-19,"Pearson's X^2: Rao & Scott adjustment"
"176","request_1","strata.names","no","Alkufra_idp",0.951456310679612,NA,0.909739222757035,0.993173398602188,NA,NA,2.79085512897662e-19,"Pearson's X^2: Rao & Scott adjustment"
"177","request_1","strata.names","yes","Alkufra_idp",0.0485436893203884,NA,0.00682660139781168,0.090260777242965,NA,NA,2.79085512897662e-19,"Pearson's X^2: Rao & Scott adjustment"
"178","request_1","strata.names","no","Alkufra_non_displaced",0.991228070175439,NA,0.974031239941566,1.00842490040931,NA,NA,2.79085512897662e-19,"Pearson's X^2: Rao & Scott adjustment"
"179","request_1","strata.names","yes","Alkufra_non_displaced",0.0087719298245614,NA,-0.00842490040931162,0.0259687600584344,NA,NA,2.79085512897662e-19,"Pearson's X^2: Rao & Scott adjustment"
"180","request_1","strata.names","no","Alkufra_returnee",1,NA,1,1,NA,NA,2.79085512897662e-19,"Pearson's X^2: Rao & Scott adjustment"
"181","request_1","strata.names","no","Azzawya_idp",1,NA,1,1,NA,NA,2.79085512897662e-19,"Pearson's X^2: Rao & Scott adjustment"
"182","request_1","strata.names","no","Azzawya_non_displaced",1,NA,1,1,NA,NA,2.79085512897662e-19,"Pearson's X^2: Rao & Scott adjustment"
"183","request_1","strata.names","no","Azzawya_returnee",1,NA,1,1,NA,NA,2.79085512897662e-19,"Pearson's X^2: Rao & Scott adjustment"
"184","request_1","strata.names","no","Benghazi_idp",0.956140350877193,NA,0.918373790458682,0.993906911295704,NA,NA,2.79085512897662e-19,"Pearson's X^2: Rao & Scott adjustment"
"185","request_1","strata.names","yes","Benghazi_idp",0.043859649122807,NA,0.00609308870429554,0.0816262095413185,NA,NA,2.79085512897662e-19,"Pearson's X^2: Rao & Scott adjustment"
"186","request_1","strata.names","no","Benghazi_non_displaced",0.921052631578947,NA,0.871321872704701,0.970783390453194,NA,NA,2.79085512897662e-19,"Pearson's X^2: Rao & Scott adjustment"
"187","request_1","strata.names","yes","Benghazi_non_displaced",0.0789473684210526,NA,0.0292166095468062,0.128678127295299,NA,NA,2.79085512897662e-19,"Pearson's X^2: Rao & Scott adjustment"
"188","request_1","strata.names","no","Benghazi_returnee",0.932773109243697,NA,0.887580046648381,0.977966171839014,NA,NA,2.79085512897662e-19,"Pearson's X^2: Rao & Scott adjustment"
"189","request_1","strata.names","yes","Benghazi_returnee",0.0672268907563025,NA,0.0220338281609857,0.112419953351619,NA,NA,2.79085512897662e-19,"Pearson's X^2: Rao & Scott adjustment"
"190","request_1","strata.names","no","Derna_idp",1,NA,1,1,NA,NA,2.79085512897662e-19,"Pearson's X^2: Rao & Scott adjustment"
"191","request_1","strata.names","no","Derna_non_displaced",0.990384615384615,NA,0.971534243782101,1.00923498698713,NA,NA,2.79085512897662e-19,"Pearson's X^2: Rao & Scott adjustment"
"192","request_1","strata.names","yes","Derna_non_displaced",0.00961538461538461,NA,-0.00923498698713003,0.0284657562178993,NA,NA,2.79085512897662e-19,"Pearson's X^2: Rao & Scott adjustment"
"193","request_1","strata.names","no","Derna_returnee",0.962616822429906,NA,0.926495374309972,0.998738270549841,NA,NA,2.79085512897662e-19,"Pearson's X^2: Rao & Scott adjustment"
"194","request_1","strata.names","yes","Derna_returnee",0.0373831775700935,NA,0.00126172945015852,0.0735046256900284,NA,NA,2.79085512897662e-19,"Pearson's X^2: Rao & Scott adjustment"
"195","request_1","strata.names","no","Ejdabia_idp",0.954954954954955,NA,0.916187091360206,0.993722818549704,NA,NA,2.79085512897662e-19,"Pearson's X^2: Rao & Scott adjustment"
"196","request_1","strata.names","yes","Ejdabia_idp",0.045045045045045,NA,0.0062771814502958,0.0838129086397943,NA,NA,2.79085512897662e-19,"Pearson's X^2: Rao & Scott adjustment"
"197","request_1","strata.names","no","Ejdabia_non_displaced",0.965217391304348,NA,0.931574409993658,0.998860372615037,NA,NA,2.79085512897662e-19,"Pearson's X^2: Rao & Scott adjustment"
"198","request_1","strata.names","yes","Ejdabia_non_displaced",0.0347826086956522,NA,0.00113962738496248,0.0684255900063419,NA,NA,2.79085512897662e-19,"Pearson's X^2: Rao & Scott adjustment"
"199","request_1","strata.names","no","Ejdabia_returnee",0.983333333333333,NA,0.950659355888975,1.01600731077769,NA,NA,2.79085512897662e-19,"Pearson's X^2: Rao & Scott adjustment"
"200","request_1","strata.names","yes","Ejdabia_returnee",0.0166666666666667,NA,-0.016007310777692,0.0493406441110254,NA,NA,2.79085512897662e-19,"Pearson's X^2: Rao & Scott adjustment"
"201","request_1","strata.names","no","Ghat_idp",0.636363636363636,NA,0.546034816380507,0.726692456346766,NA,NA,2.79085512897662e-19,"Pearson's X^2: Rao & Scott adjustment"
"202","request_1","strata.names","yes","Ghat_idp",0.363636363636364,NA,0.273307543653234,0.453965183619493,NA,NA,2.79085512897662e-19,"Pearson's X^2: Rao & Scott adjustment"
"203","request_1","strata.names","no","Ghat_non_displaced",0.754545454545455,NA,0.67373486978194,0.83535603930897,NA,NA,2.79085512897662e-19,"Pearson's X^2: Rao & Scott adjustment"
"204","request_1","strata.names","yes","Ghat_non_displaced",0.245454545454545,NA,0.16464396069103,0.32626513021806,NA,NA,2.79085512897662e-19,"Pearson's X^2: Rao & Scott adjustment"
"205","request_1","strata.names","no","Ghat_returnee",0.776315789473684,NA,0.681983690535477,0.870647888411892,NA,NA,2.79085512897662e-19,"Pearson's X^2: Rao & Scott adjustment"
"206","request_1","strata.names","yes","Ghat_returnee",0.223684210526316,NA,0.129352111588108,0.318016309464523,NA,NA,2.79085512897662e-19,"Pearson's X^2: Rao & Scott adjustment"
"207","request_1","strata.names","no","Misrata_idp",0.922413793103448,NA,0.873508091978201,0.971319494228695,NA,NA,2.79085512897662e-19,"Pearson's X^2: Rao & Scott adjustment"
"208","request_1","strata.names","yes","Misrata_idp",0.0775862068965517,NA,0.0286805057713046,0.126491908021799,NA,NA,2.79085512897662e-19,"Pearson's X^2: Rao & Scott adjustment"
"209","request_1","strata.names","no","Misrata_non_displaced",0.96551724137931,NA,0.932160366733593,0.998874116025028,NA,NA,2.79085512897662e-19,"Pearson's X^2: Rao & Scott adjustment"
"210","request_1","strata.names","yes","Misrata_non_displaced",0.0344827586206897,NA,0.00112588397497219,0.0678396332664071,NA,NA,2.79085512897662e-19,"Pearson's X^2: Rao & Scott adjustment"
"211","request_1","strata.names","no","Misrata_returnee",0.981651376146789,NA,0.956333820904002,1.00696893138958,NA,NA,2.79085512897662e-19,"Pearson's X^2: Rao & Scott adjustment"
"212","request_1","strata.names","yes","Misrata_returnee",0.018348623853211,NA,-0.00696893138957624,0.0436661790959983,NA,NA,2.79085512897662e-19,"Pearson's X^2: Rao & Scott adjustment"
"213","request_1","strata.names","no","Murzuq_idp",0.96551724137931,NA,0.926944096590547,1.00409038616807,NA,NA,2.79085512897662e-19,"Pearson's X^2: Rao & Scott adjustment"
"214","request_1","strata.names","yes","Murzuq_idp",0.0344827586206897,NA,-0.00409038616807394,0.0730559034094533,NA,NA,2.79085512897662e-19,"Pearson's X^2: Rao & Scott adjustment"
"215","request_1","strata.names","no","Murzuq_non_displaced",0.932038834951456,NA,0.883184783975245,0.980892885927668,NA,NA,2.79085512897662e-19,"Pearson's X^2: Rao & Scott adjustment"
"216","request_1","strata.names","yes","Murzuq_non_displaced",0.0679611650485437,NA,0.0191071140723322,0.116815216024755,NA,NA,2.79085512897662e-19,"Pearson's X^2: Rao & Scott adjustment"
"217","request_1","strata.names","no","Murzuq_returnee",1,NA,1,1,NA,NA,2.79085512897662e-19,"Pearson's X^2: Rao & Scott adjustment"
"218","request_1","strata.names","no","Sebha_idp",1,NA,1,1,NA,NA,2.79085512897662e-19,"Pearson's X^2: Rao & Scott adjustment"
"219","request_1","strata.names","no","Sebha_non_displaced",1,NA,1,1,NA,NA,2.79085512897662e-19,"Pearson's X^2: Rao & Scott adjustment"
"220","request_1","strata.names","no","Sebha_returnee",0.978260869565217,NA,0.94829126695545,1.00823047217498,NA,NA,2.79085512897662e-19,"Pearson's X^2: Rao & Scott adjustment"
"221","request_1","strata.names","yes","Sebha_returnee",0.0217391304347826,NA,-0.00823047217498479,0.05170873304455,NA,NA,2.79085512897662e-19,"Pearson's X^2: Rao & Scott adjustment"
"222","request_1","strata.names","no","Sirt_idp",0.971698113207547,NA,0.939970896118557,1.00342533029654,NA,NA,2.79085512897662e-19,"Pearson's X^2: Rao & Scott adjustment"
"223","request_1","strata.names","yes","Sirt_idp",0.0283018867924528,NA,-0.00342533029653747,0.0600291038814431,NA,NA,2.79085512897662e-19,"Pearson's X^2: Rao & Scott adjustment"
"224","request_1","strata.names","no","Sirt_non_displaced",0.871559633027523,NA,0.808443453894874,0.934675812160172,NA,NA,2.79085512897662e-19,"Pearson's X^2: Rao & Scott adjustment"
"225","request_1","strata.names","yes","Sirt_non_displaced",0.128440366972477,NA,0.0653241878398277,0.191556546105126,NA,NA,2.79085512897662e-19,"Pearson's X^2: Rao & Scott adjustment"
"226","request_1","strata.names","no","Sirt_returnee",0.922413793103448,NA,0.873508091978201,0.971319494228695,NA,NA,2.79085512897662e-19,"Pearson's X^2: Rao & Scott adjustment"
"227","request_1","strata.names","yes","Sirt_returnee",0.0775862068965517,NA,0.0286805057713046,0.126491908021799,NA,NA,2.79085512897662e-19,"Pearson's X^2: Rao & Scott adjustment"
"228","request_1","strata.names","no","Tripoli_idp",0.875,NA,0.808480268791799,0.941519731208201,NA,NA,2.79085512897662e-19,"Pearson's X^2: Rao & Scott adjustment"
"229","request_1","strata.names","yes","Tripoli_idp",0.125,NA,0.0584802687917993,0.191519731208201,NA,NA,2.79085512897662e-19,"Pearson's X^2: Rao & Scott adjustment"
"230","request_1","strata.names","no","Tripoli_non_displaced",0.946428571428571,NA,0.904529702323931,0.988327440533212,NA,NA,2.79085512897662e-19,"Pearson's X^2: Rao & Scott adjustment"
"231","request_1","strata.names","yes","Tripoli_non_displaced",0.0535714285714286,NA,0.0116725594667882,0.0954702976760689,NA,NA,2.79085512897662e-19,"Pearson's X^2: Rao & Scott adjustment"
"232","request_1","strata.names","no","Tripoli_returnee",0.922413793103448,NA,0.873508091978201,0.971319494228695,NA,NA,2.79085512897662e-19,"Pearson's X^2: Rao & Scott adjustment"
"233","request_1","strata.names","yes","Tripoli_returnee",0.0775862068965517,NA,0.0286805057713046,0.126491908021799,NA,NA,2.79085512897662e-19,"Pearson's X^2: Rao & Scott adjustment"
"234","request_1","strata.names","no","Ubari_idp",0.970588235294118,NA,0.937629493710662,1.00354697687757,NA,NA,2.79085512897662e-19,"Pearson's X^2: Rao & Scott adjustment"
"235","request_1","strata.names","yes","Ubari_idp",0.0294117647058824,NA,-0.00354697687757317,0.0623705062893379,NA,NA,2.79085512897662e-19,"Pearson's X^2: Rao & Scott adjustment"
"236","request_1","strata.names","no","Ubari_non_displaced",0.947826086956522,NA,0.906994913308295,0.988657260604749,NA,NA,2.79085512897662e-19,"Pearson's X^2: Rao & Scott adjustment"
"237","request_1","strata.names","yes","Ubari_non_displaced",0.0521739130434783,NA,0.011342739395251,0.0930050866917055,NA,NA,2.79085512897662e-19,"Pearson's X^2: Rao & Scott adjustment"
"238","request_1","strata.names","no","Ubari_returnee",0.815789473684211,NA,0.74429700334667,0.887281944021751,NA,NA,2.79085512897662e-19,"Pearson's X^2: Rao & Scott adjustment"
"239","request_1","strata.names","yes","Ubari_returnee",0.184210526315789,NA,0.112718055978249,0.25570299665333,NA,NA,2.79085512897662e-19,"Pearson's X^2: Rao & Scott adjustment"
"240","request_1","strata.names","no","Wadi Ashshati_idp",0.929411764705882,NA,0.87462396525341,0.984199564158355,NA,NA,2.79085512897662e-19,"Pearson's X^2: Rao & Scott adjustment"
"241","request_1","strata.names","yes","Wadi Ashshati_idp",0.0705882352941176,NA,0.0158004358416455,0.12537603474659,NA,NA,2.79085512897662e-19,"Pearson's X^2: Rao & Scott adjustment"
"242","request_1","strata.names","no","Wadi Ashshati_non_displaced",0.982300884955752,NA,0.957875451038115,1.00672631887339,NA,NA,2.79085512897662e-19,"Pearson's X^2: Rao & Scott adjustment"
"243","request_1","strata.names","yes","Wadi Ashshati_non_displaced",0.0176991150442478,NA,-0.00672631887338904,0.0421245489618846,NA,NA,2.79085512897662e-19,"Pearson's X^2: Rao & Scott adjustment"
"244","request_1","strata.names","no","Wadi Ashshati_returnee",1,NA,1,1,NA,NA,2.79085512897662e-19,"Pearson's X^2: Rao & Scott adjustment"
"245","request_1","strata.names","no","Zwara_idp",0.96078431372549,NA,0.922919534397263,0.998649093053717,NA,NA,2.79085512897662e-19,"Pearson's X^2: Rao & Scott adjustment"
"246","request_1","strata.names","yes","Zwara_idp",0.0392156862745098,NA,0.00135090694628241,0.0770804656027372,NA,NA,2.79085512897662e-19,"Pearson's X^2: Rao & Scott adjustment"
"247","request_1","strata.names","no","Zwara_non_displaced",0.916666666666667,NA,0.864285343698618,0.969047989634715,NA,NA,2.79085512897662e-19,"Pearson's X^2: Rao & Scott adjustment"
"248","request_1","strata.names","yes","Zwara_non_displaced",0.0833333333333333,NA,0.0309520103652852,0.135714656301382,NA,NA,2.79085512897662e-19,"Pearson's X^2: Rao & Scott adjustment"
"249","request_1","strata.names","no","Zwara_returnee",0.981132075471698,NA,0.95510146172507,1.00716268921833,NA,NA,2.79085512897662e-19,"Pearson's X^2: Rao & Scott adjustment"
"250","request_1","strata.names","yes","Zwara_returnee",0.0188679245283019,NA,-0.00716268921832625,0.04489853827493,NA,NA,2.79085512897662e-19,"Pearson's X^2: Rao & Scott adjustment"
"251","request_2","strata.names","no","Al Jabal Al Gharbi_idp",1,NA,1,1,NA,NA,0.103717282022442,"Pearson's X^2: Rao & Scott adjustment"
"252","request_2","strata.names","no","Al Jabal Al Gharbi_non_displaced",1,NA,1,1,NA,NA,0.103717282022442,"Pearson's X^2: Rao & Scott adjustment"
"253","request_2","strata.names","no","Al Jabal Al Gharbi_returnee",1,NA,1,1,NA,NA,0.103717282022442,"Pearson's X^2: Rao & Scott adjustment"
"254","request_2","strata.names","no","Aljfara_idp",0.981481481481481,NA,0.95593063147992,1.00703233148304,NA,NA,0.103717282022442,"Pearson's X^2: Rao & Scott adjustment"
"255","request_2","strata.names","yes","Aljfara_idp",0.0185185185185185,NA,-0.0070323314830431,0.0440693685200801,NA,NA,0.103717282022442,"Pearson's X^2: Rao & Scott adjustment"
"256","request_2","strata.names","no","Aljfara_non_displaced",1,NA,1,1,NA,NA,0.103717282022442,"Pearson's X^2: Rao & Scott adjustment"
"257","request_2","strata.names","no","Aljfara_returnee",1,NA,1,1,NA,NA,0.103717282022442,"Pearson's X^2: Rao & Scott adjustment"
"258","request_2","strata.names","no","Aljufra_idp",1,NA,1,1,NA,NA,0.103717282022442,"Pearson's X^2: Rao & Scott adjustment"
"259","request_2","strata.names","no","Aljufra_non_displaced",1,NA,1,1,NA,NA,0.103717282022442,"Pearson's X^2: Rao & Scott adjustment"
"260","request_2","strata.names","no","Alkufra_idp",1,NA,1,1,NA,NA,0.103717282022442,"Pearson's X^2: Rao & Scott adjustment"
"261","request_2","strata.names","no","Alkufra_non_displaced",1,NA,1,1,NA,NA,0.103717282022442,"Pearson's X^2: Rao & Scott adjustment"
"262","request_2","strata.names","no","Alkufra_returnee",1,NA,1,1,NA,NA,0.103717282022442,"Pearson's X^2: Rao & Scott adjustment"
"263","request_2","strata.names","no","Azzawya_idp",1,NA,1,1,NA,NA,0.103717282022442,"Pearson's X^2: Rao & Scott adjustment"
"264","request_2","strata.names","no","Azzawya_non_displaced",1,NA,1,1,NA,NA,0.103717282022442,"Pearson's X^2: Rao & Scott adjustment"
"265","request_2","strata.names","no","Azzawya_returnee",0.982456140350877,NA,0.948062494852073,1.01684978584968,NA,NA,0.103717282022442,"Pearson's X^2: Rao & Scott adjustment"
"266","request_2","strata.names","yes","Azzawya_returnee",0.0175438596491228,NA,-0.0168497858496819,0.0519375051479275,NA,NA,0.103717282022442,"Pearson's X^2: Rao & Scott adjustment"
"267","request_2","strata.names","no","Benghazi_idp",0.991228070175439,NA,0.974031247426036,1.00842489292484,NA,NA,0.103717282022442,"Pearson's X^2: Rao & Scott adjustment"
"268","request_2","strata.names","yes","Benghazi_idp",0.0087719298245614,NA,-0.00842489292484094,0.0259687525739637,NA,NA,0.103717282022442,"Pearson's X^2: Rao & Scott adjustment"
"269","request_2","strata.names","no","Benghazi_non_displaced",0.991304347826087,NA,0.97425706266581,1.00835163298636,NA,NA,0.103717282022442,"Pearson's X^2: Rao & Scott adjustment"
"270","request_2","strata.names","yes","Benghazi_non_displaced",0.00869565217391304,NA,-0.00835163298636404,0.0257429373341901,NA,NA,0.103717282022442,"Pearson's X^2: Rao & Scott adjustment"
"271","request_2","strata.names","no","Benghazi_returnee",1,NA,1,1,NA,NA,0.103717282022442,"Pearson's X^2: Rao & Scott adjustment"
"272","request_2","strata.names","no","Derna_idp",1,NA,1,1,NA,NA,0.103717282022442,"Pearson's X^2: Rao & Scott adjustment"
"273","request_2","strata.names","no","Derna_non_displaced",0.990384615384615,NA,0.971534251986232,1.009234978783,NA,NA,0.103717282022442,"Pearson's X^2: Rao & Scott adjustment"
"274","request_2","strata.names","yes","Derna_non_displaced",0.00961538461538462,NA,-0.00923497878299868,0.0284657480137679,NA,NA,0.103717282022442,"Pearson's X^2: Rao & Scott adjustment"
"275","request_2","strata.names","no","Derna_returnee",1,NA,1,1,NA,NA,0.103717282022442,"Pearson's X^2: Rao & Scott adjustment"
"276","request_2","strata.names","no","Ejdabia_idp",0.981981981981982,NA,0.9571184975496,1.00684546641436,NA,NA,0.103717282022442,"Pearson's X^2: Rao & Scott adjustment"
"277","request_2","strata.names","yes","Ejdabia_idp",0.018018018018018,NA,-0.00684546641436421,0.0428815024504002,NA,NA,0.103717282022442,"Pearson's X^2: Rao & Scott adjustment"
"278","request_2","strata.names","no","Ejdabia_non_displaced",0.965217391304348,NA,0.931574424635886,0.99886035797281,NA,NA,0.103717282022442,"Pearson's X^2: Rao & Scott adjustment"
"279","request_2","strata.names","yes","Ejdabia_non_displaced",0.0347826086956522,NA,0.00113964202719036,0.068425575364114,NA,NA,0.103717282022442,"Pearson's X^2: Rao & Scott adjustment"
"280","request_2","strata.names","no","Ejdabia_returnee",1,NA,1,1,NA,NA,0.103717282022442,"Pearson's X^2: Rao & Scott adjustment"
"281","request_2","strata.names","no","Ghat_idp",1,NA,1,1,NA,NA,0.103717282022442,"Pearson's X^2: Rao & Scott adjustment"
"282","request_2","strata.names","no","Ghat_non_displaced",1,NA,1,1,NA,NA,0.103717282022442,"Pearson's X^2: Rao & Scott adjustment"
"283","request_2","strata.names","no","Ghat_returnee",1,NA,1,1,NA,NA,0.103717282022442,"Pearson's X^2: Rao & Scott adjustment"
"284","request_2","strata.names","no","Misrata_idp",0.974137931034483,NA,0.945121365573869,1.0031544964951,NA,NA,0.103717282022442,"Pearson's X^2: Rao & Scott adjustment"
"285","request_2","strata.names","yes","Misrata_idp",0.0258620689655172,NA,-0.0031544964950964,0.0548786344261309,NA,NA,0.103717282022442,"Pearson's X^2: Rao & Scott adjustment"
"286","request_2","strata.names","no","Misrata_non_displaced",1,NA,1,1,NA,NA,0.103717282022442,"Pearson's X^2: Rao & Scott adjustment"
"287","request_2","strata.names","no","Misrata_returnee",1,NA,1,1,NA,NA,0.103717282022442,"Pearson's X^2: Rao & Scott adjustment"
"288","request_2","strata.names","no","Murzuq_idp",0.988505747126437,NA,0.965971979385841,1.01103951486703,NA,NA,0.103717282022442,"Pearson's X^2: Rao & Scott adjustment"
"289","request_2","strata.names","yes","Murzuq_idp",0.0114942528735632,NA,-0.0110395148670329,0.0340280206141593,NA,NA,0.103717282022442,"Pearson's X^2: Rao & Scott adjustment"
"290","request_2","strata.names","no","Murzuq_non_displaced",0.990291262135922,NA,0.971257885500662,1.00932463877118,NA,NA,0.103717282022442,"Pearson's X^2: Rao & Scott adjustment"
"291","request_2","strata.names","yes","Murzuq_non_displaced",0.00970873786407767,NA,-0.00932463877118314,0.0287421144993385,NA,NA,0.103717282022442,"Pearson's X^2: Rao & Scott adjustment"
"292","request_2","strata.names","no","Murzuq_returnee",1,NA,1,1,NA,NA,0.103717282022442,"Pearson's X^2: Rao & Scott adjustment"
"293","request_2","strata.names","no","Sebha_idp",1,NA,1,1,NA,NA,0.103717282022442,"Pearson's X^2: Rao & Scott adjustment"
"294","request_2","strata.names","no","Sebha_non_displaced",1,NA,1,1,NA,NA,0.103717282022442,"Pearson's X^2: Rao & Scott adjustment"
"295","request_2","strata.names","no","Sebha_returnee",1,NA,1,1,NA,NA,0.103717282022442,"Pearson's X^2: Rao & Scott adjustment"
"296","request_2","strata.names","no","Sirt_idp",1,NA,1,1,NA,NA,0.103717282022442,"Pearson's X^2: Rao & Scott adjustment"
"297","request_2","strata.names","no","Sirt_non_displaced",1,NA,1,1,NA,NA,0.103717282022442,"Pearson's X^2: Rao & Scott adjustment"
"298","request_2","strata.names","no","Sirt_returnee",1,NA,1,1,NA,NA,0.103717282022442,"Pearson's X^2: Rao & Scott adjustment"
"299","request_2","strata.names","no","Tripoli_idp",0.989690721649485,NA,0.969480022748125,1.00990142055084,NA,NA,0.103717282022442,"Pearson's X^2: Rao & Scott adjustment"
"300","request_2","strata.names","yes","Tripoli_idp",0.0103092783505155,NA,-0.00990142055084396,0.0305199772518749,NA,NA,0.103717282022442,"Pearson's X^2: Rao & Scott adjustment"
"301","request_2","strata.names","no","Tripoli_non_displaced",0.991071428571428,NA,0.973567519701501,1.00857533744136,NA,NA,0.103717282022442,"Pearson's X^2: Rao & Scott adjustment"
"302","request_2","strata.names","yes","Tripoli_non_displaced",0.00892857142857143,NA,-0.00857533744135592,0.0264324802984988,NA,NA,0.103717282022442,"Pearson's X^2: Rao & Scott adjustment"
"303","request_2","strata.names","no","Tripoli_returnee",1,NA,1,1,NA,NA,0.103717282022442,"Pearson's X^2: Rao & Scott adjustment"
"304","request_2","strata.names","no","Ubari_idp",0.990196078431373,NA,0.970976100064394,1.00941605679835,NA,NA,0.103717282022442,"Pearson's X^2: Rao & Scott adjustment"
"305","request_2","strata.names","yes","Ubari_idp",0.00980392156862745,NA,-0.00941605679835161,0.0290238999356065,NA,NA,0.103717282022442,"Pearson's X^2: Rao & Scott adjustment"
"306","request_2","strata.names","no","Ubari_non_displaced",0.991304347826087,NA,0.97425706266581,1.00835163298636,NA,NA,0.103717282022442,"Pearson's X^2: Rao & Scott adjustment"
"307","request_2","strata.names","yes","Ubari_non_displaced",0.00869565217391304,NA,-0.00835163298636406,0.0257429373341901,NA,NA,0.103717282022442,"Pearson's X^2: Rao & Scott adjustment"
"308","request_2","strata.names","no","Ubari_returnee",1,NA,1,1,NA,NA,0.103717282022442,"Pearson's X^2: Rao & Scott adjustment"
"309","request_2","strata.names","no","Wadi Ashshati_idp",1,NA,1,1,NA,NA,0.103717282022442,"Pearson's X^2: Rao & Scott adjustment"
"310","request_2","strata.names","no","Wadi Ashshati_non_displaced",1,NA,1,1,NA,NA,0.103717282022442,"Pearson's X^2: Rao & Scott adjustment"
"311","request_2","strata.names","no","Wadi Ashshati_returnee",1,NA,1,1,NA,NA,0.103717282022442,"Pearson's X^2: Rao & Scott adjustment"
"312","request_2","strata.names","no","Zwara_idp",0.990196078431373,NA,0.970976100064393,1.00941605679835,NA,NA,0.103717282022442,"Pearson's X^2: Rao & Scott adjustment"
"313","request_2","strata.names","yes","Zwara_idp",0.00980392156862745,NA,-0.00941605679835161,0.0290238999356065,NA,NA,0.103717282022442,"Pearson's X^2: Rao & Scott adjustment"
"314","request_2","strata.names","no","Zwara_non_displaced",0.990825688073394,NA,0.972840020243744,1.00881135590304,NA,NA,0.103717282022442,"Pearson's X^2: Rao & Scott adjustment"
"315","request_2","strata.names","yes","Zwara_non_displaced",0.0091743119266055,NA,-0.00881135590304462,0.0271599797562556,NA,NA,0.103717282022442,"Pearson's X^2: Rao & Scott adjustment"
"316","request_2","strata.names","no","Zwara_returnee",1,NA,1,1,NA,NA,0.103717282022442,"Pearson's X^2: Rao & Scott adjustment"
"317","request_3","strata.names","no","Al Jabal Al Gharbi_idp",0.542056074766355,NA,0.447186112192493,0.636926037340217,NA,NA,1.16865481914e-40,"Pearson's X^2: Rao & Scott adjustment"
"318","request_3","strata.names","yes","Al Jabal Al Gharbi_idp",0.457943925233645,NA,0.363073962659783,0.552813887807507,NA,NA,1.16865481914e-40,"Pearson's X^2: Rao & Scott adjustment"
"319","request_3","strata.names","no","Al Jabal Al Gharbi_non_displaced",0.4375,NA,0.345191391249586,0.529808608750414,NA,NA,1.16865481914e-40,"Pearson's X^2: Rao & Scott adjustment"
"320","request_3","strata.names","yes","Al Jabal Al Gharbi_non_displaced",0.5625,NA,0.470191391249586,0.654808608750414,NA,NA,1.16865481914e-40,"Pearson's X^2: Rao & Scott adjustment"
"321","request_3","strata.names","no","Al Jabal Al Gharbi_returnee",0.407407407407407,NA,0.314285023840544,0.500529790974271,NA,NA,1.16865481914e-40,"Pearson's X^2: Rao & Scott adjustment"
"322","request_3","strata.names","yes","Al Jabal Al Gharbi_returnee",0.592592592592593,NA,0.499470209025729,0.685714976159456,NA,NA,1.16865481914e-40,"Pearson's X^2: Rao & Scott adjustment"
"323","request_3","strata.names","no","Aljfara_idp",0.518518518518518,NA,0.42382212403817,0.613214912998867,NA,NA,1.16865481914e-40,"Pearson's X^2: Rao & Scott adjustment"
"324","request_3","strata.names","yes","Aljfara_idp",0.481481481481481,NA,0.386785087001133,0.57617787596183,NA,NA,1.16865481914e-40,"Pearson's X^2: Rao & Scott adjustment"
"325","request_3","strata.names","no","Aljfara_non_displaced",0.578947368421053,NA,0.479113658301512,0.678781078540593,NA,NA,1.16865481914e-40,"Pearson's X^2: Rao & Scott adjustment"
"326","request_3","strata.names","yes","Aljfara_non_displaced",0.421052631578947,NA,0.321218921459407,0.520886341698488,NA,NA,1.16865481914e-40,"Pearson's X^2: Rao & Scott adjustment"
"327","request_3","strata.names","no","Aljfara_returnee",0.595959595959596,NA,0.498783114136771,0.693136077782421,NA,NA,1.16865481914e-40,"Pearson's X^2: Rao & Scott adjustment"
"328","request_3","strata.names","yes","Aljfara_returnee",0.404040404040404,NA,0.306863922217579,0.501216885863229,NA,NA,1.16865481914e-40,"Pearson's X^2: Rao & Scott adjustment"
"329","request_3","strata.names","no","Aljufra_idp",0.12987012987013,NA,0.054275093066058,0.205465166674202,NA,NA,1.16865481914e-40,"Pearson's X^2: Rao & Scott adjustment"
"330","request_3","strata.names","yes","Aljufra_idp",0.87012987012987,NA,0.794534833325798,0.945724906933942,NA,NA,1.16865481914e-40,"Pearson's X^2: Rao & Scott adjustment"
"331","request_3","strata.names","no","Aljufra_non_displaced",0.105263157894737,NA,0.0486652942400242,0.161861021549449,NA,NA,1.16865481914e-40,"Pearson's X^2: Rao & Scott adjustment"
"332","request_3","strata.names","yes","Aljufra_non_displaced",0.894736842105263,NA,0.83813897845055,0.951334705759976,NA,NA,1.16865481914e-40,"Pearson's X^2: Rao & Scott adjustment"
"333","request_3","strata.names","no","Alkufra_idp",0.766990291262136,NA,0.684929583440984,0.849050999083287,NA,NA,1.16865481914e-40,"Pearson's X^2: Rao & Scott adjustment"
"334","request_3","strata.names","yes","Alkufra_idp",0.233009708737864,NA,0.150949000916712,0.315070416559016,NA,NA,1.16865481914e-40,"Pearson's X^2: Rao & Scott adjustment"
"335","request_3","strata.names","no","Alkufra_non_displaced",0.473684210526316,NA,0.381600706970005,0.565767714082626,NA,NA,1.16865481914e-40,"Pearson's X^2: Rao & Scott adjustment"
"336","request_3","strata.names","yes","Alkufra_non_displaced",0.526315789473684,NA,0.434232285917374,0.618399293029995,NA,NA,1.16865481914e-40,"Pearson's X^2: Rao & Scott adjustment"
"337","request_3","strata.names","no","Alkufra_returnee",0.3375,NA,0.233203511413262,0.441796488586738,NA,NA,1.16865481914e-40,"Pearson's X^2: Rao & Scott adjustment"
"338","request_3","strata.names","yes","Alkufra_returnee",0.6625,NA,0.558203511413262,0.766796488586738,NA,NA,1.16865481914e-40,"Pearson's X^2: Rao & Scott adjustment"
"339","request_3","strata.names","no","Azzawya_idp",0.321428571428571,NA,0.234526138086439,0.408331004770704,NA,NA,1.16865481914e-40,"Pearson's X^2: Rao & Scott adjustment"
"340","request_3","strata.names","yes","Azzawya_idp",0.678571428571428,NA,0.591668995229296,0.765473861913561,NA,NA,1.16865481914e-40,"Pearson's X^2: Rao & Scott adjustment"
"341","request_3","strata.names","no","Azzawya_non_displaced",0.338983050847458,NA,0.253189279003137,0.424776822691778,NA,NA,1.16865481914e-40,"Pearson's X^2: Rao & Scott adjustment"
"342","request_3","strata.names","yes","Azzawya_non_displaced",0.661016949152542,NA,0.575223177308222,0.746810720996863,NA,NA,1.16865481914e-40,"Pearson's X^2: Rao & Scott adjustment"
"343","request_3","strata.names","no","Azzawya_returnee",0.245614035087719,NA,0.13284683972134,0.358381230454098,NA,NA,1.16865481914e-40,"Pearson's X^2: Rao & Scott adjustment"
"344","request_3","strata.names","yes","Azzawya_returnee",0.754385964912281,NA,0.641618769545902,0.86715316027866,NA,NA,1.16865481914e-40,"Pearson's X^2: Rao & Scott adjustment"
"345","request_3","strata.names","no","Benghazi_idp",0.743362831858407,NA,0.662452386825467,0.824273276891347,NA,NA,1.16865481914e-40,"Pearson's X^2: Rao & Scott adjustment"
"346","request_3","strata.names","yes","Benghazi_idp",0.256637168141593,NA,0.175726723108653,0.337547613174533,NA,NA,1.16865481914e-40,"Pearson's X^2: Rao & Scott adjustment"
"347","request_3","strata.names","no","Benghazi_non_displaced",0.803571428571428,NA,0.729643849264744,0.877499007878113,NA,NA,1.16865481914e-40,"Pearson's X^2: Rao & Scott adjustment"
"348","request_3","strata.names","yes","Benghazi_non_displaced",0.196428571428571,NA,0.122500992121887,0.270356150735256,NA,NA,1.16865481914e-40,"Pearson's X^2: Rao & Scott adjustment"
"349","request_3","strata.names","no","Benghazi_returnee",0.735042735042735,NA,0.65471442710185,0.81537104298362,NA,NA,1.16865481914e-40,"Pearson's X^2: Rao & Scott adjustment"
"350","request_3","strata.names","yes","Benghazi_returnee",0.264957264957265,NA,0.184628957016379,0.34528557289815,NA,NA,1.16865481914e-40,"Pearson's X^2: Rao & Scott adjustment"
"351","request_3","strata.names","no","Derna_idp",0.914634146341463,NA,0.853767875714799,0.975500416968128,NA,NA,1.16865481914e-40,"Pearson's X^2: Rao & Scott adjustment"
"352","request_3","strata.names","yes","Derna_idp",0.0853658536585366,NA,0.0244995830318724,0.146232124285201,NA,NA,1.16865481914e-40,"Pearson's X^2: Rao & Scott adjustment"
"353","request_3","strata.names","no","Derna_non_displaced",0.836538461538461,NA,0.76510765758734,0.907969265489583,NA,NA,1.16865481914e-40,"Pearson's X^2: Rao & Scott adjustment"
"354","request_3","strata.names","yes","Derna_non_displaced",0.163461538461538,NA,0.0920307345104166,0.23489234241266,NA,NA,1.16865481914e-40,"Pearson's X^2: Rao & Scott adjustment"
"355","request_3","strata.names","no","Derna_returnee",0.775700934579439,NA,0.696275178172351,0.855126690986527,NA,NA,1.16865481914e-40,"Pearson's X^2: Rao & Scott adjustment"
"356","request_3","strata.names","yes","Derna_returnee",0.224299065420561,NA,0.144873309013473,0.303724821827649,NA,NA,1.16865481914e-40,"Pearson's X^2: Rao & Scott adjustment"
"357","request_3","strata.names","no","Ejdabia_idp",0.81981981981982,NA,0.747979248838412,0.891660390801227,NA,NA,1.16865481914e-40,"Pearson's X^2: Rao & Scott adjustment"
"358","request_3","strata.names","yes","Ejdabia_idp",0.18018018018018,NA,0.108339609198773,0.252020751161588,NA,NA,1.16865481914e-40,"Pearson's X^2: Rao & Scott adjustment"
"359","request_3","strata.names","no","Ejdabia_non_displaced",0.878260869565217,NA,0.818222644921923,0.938299094208512,NA,NA,1.16865481914e-40,"Pearson's X^2: Rao & Scott adjustment"
"360","request_3","strata.names","yes","Ejdabia_non_displaced",0.121739130434783,NA,0.0617009057914877,0.181777355078077,NA,NA,1.16865481914e-40,"Pearson's X^2: Rao & Scott adjustment"
"361","request_3","strata.names","no","Ejdabia_returnee",0.95,NA,0.894374464902454,1.00562553509755,NA,NA,1.16865481914e-40,"Pearson's X^2: Rao & Scott adjustment"
"362","request_3","strata.names","yes","Ejdabia_returnee",0.05,NA,-0.00562553509754644,0.105625535097546,NA,NA,1.16865481914e-40,"Pearson's X^2: Rao & Scott adjustment"
"363","request_3","strata.names","no","Ghat_idp",0.612612612612613,NA,0.52155363590139,0.703671589323835,NA,NA,1.16865481914e-40,"Pearson's X^2: Rao & Scott adjustment"
"364","request_3","strata.names","yes","Ghat_idp",0.387387387387387,NA,0.296328410676165,0.47844636409861,NA,NA,1.16865481914e-40,"Pearson's X^2: Rao & Scott adjustment"
"365","request_3","strata.names","no","Ghat_non_displaced",0.621621621621622,NA,0.53096839386885,0.712274849374393,NA,NA,1.16865481914e-40,"Pearson's X^2: Rao & Scott adjustment"
"366","request_3","strata.names","yes","Ghat_non_displaced",0.378378378378378,NA,0.287725150625607,0.46903160613115,NA,NA,1.16865481914e-40,"Pearson's X^2: Rao & Scott adjustment"
"367","request_3","strata.names","no","Ghat_returnee",0.857142857142857,NA,0.778452015236908,0.935833699048806,NA,NA,1.16865481914e-40,"Pearson's X^2: Rao & Scott adjustment"
"368","request_3","strata.names","yes","Ghat_returnee",0.142857142857143,NA,0.0641663009511939,0.221547984763092,NA,NA,1.16865481914e-40,"Pearson's X^2: Rao & Scott adjustment"
"369","request_3","strata.names","no","Misrata_idp",0.739130434782609,NA,0.658504785144478,0.819756084420739,NA,NA,1.16865481914e-40,"Pearson's X^2: Rao & Scott adjustment"
"370","request_3","strata.names","yes","Misrata_idp",0.260869565217391,NA,0.180243915579261,0.341495214855522,NA,NA,1.16865481914e-40,"Pearson's X^2: Rao & Scott adjustment"
"371","request_3","strata.names","no","Misrata_non_displaced",0.870689655172414,NA,0.809348378606712,0.932030931738116,NA,NA,1.16865481914e-40,"Pearson's X^2: Rao & Scott adjustment"
"372","request_3","strata.names","yes","Misrata_non_displaced",0.129310344827586,NA,0.0679690682618842,0.190651621393288,NA,NA,1.16865481914e-40,"Pearson's X^2: Rao & Scott adjustment"
"373","request_3","strata.names","no","Misrata_returnee",0.834862385321101,NA,0.764818218160858,0.904906552481344,NA,NA,1.16865481914e-40,"Pearson's X^2: Rao & Scott adjustment"
"374","request_3","strata.names","yes","Misrata_returnee",0.165137614678899,NA,0.095093447518656,0.235181781839142,NA,NA,1.16865481914e-40,"Pearson's X^2: Rao & Scott adjustment"
"375","request_3","strata.names","no","Murzuq_idp",0.183908045977011,NA,0.10200989623312,0.265806195720903,NA,NA,1.16865481914e-40,"Pearson's X^2: Rao & Scott adjustment"
"376","request_3","strata.names","yes","Murzuq_idp",0.816091954022989,NA,0.734193804279097,0.89799010376688,NA,NA,1.16865481914e-40,"Pearson's X^2: Rao & Scott adjustment"
"377","request_3","strata.names","no","Murzuq_non_displaced",0.194174757281553,NA,0.117390862722608,0.270958651840499,NA,NA,1.16865481914e-40,"Pearson's X^2: Rao & Scott adjustment"
"378","request_3","strata.names","yes","Murzuq_non_displaced",0.805825242718447,NA,0.729041348159501,0.882609137277392,NA,NA,1.16865481914e-40,"Pearson's X^2: Rao & Scott adjustment"
"379","request_3","strata.names","no","Murzuq_returnee",0.153846153846154,NA,0.0391022576369368,0.268590050055371,NA,NA,1.16865481914e-40,"Pearson's X^2: Rao & Scott adjustment"
"380","request_3","strata.names","yes","Murzuq_returnee",0.846153846153846,NA,0.731409949944629,0.960897742363063,NA,NA,1.16865481914e-40,"Pearson's X^2: Rao & Scott adjustment"
"381","request_3","strata.names","no","Sebha_idp",0.848214285714286,NA,0.781447548410559,0.914981023018013,NA,NA,1.16865481914e-40,"Pearson's X^2: Rao & Scott adjustment"
"382","request_3","strata.names","yes","Sebha_idp",0.151785714285714,NA,0.0850189769819873,0.218552451589441,NA,NA,1.16865481914e-40,"Pearson's X^2: Rao & Scott adjustment"
"383","request_3","strata.names","no","Sebha_non_displaced",0.675675675675676,NA,0.588174081890745,0.763177269460606,NA,NA,1.16865481914e-40,"Pearson's X^2: Rao & Scott adjustment"
"384","request_3","strata.names","yes","Sebha_non_displaced",0.324324324324324,NA,0.236822730539394,0.411825918109255,NA,NA,1.16865481914e-40,"Pearson's X^2: Rao & Scott adjustment"
"385","request_3","strata.names","no","Sebha_returnee",0.771739130434783,NA,0.68548424533291,0.857994015536655,NA,NA,1.16865481914e-40,"Pearson's X^2: Rao & Scott adjustment"
"386","request_3","strata.names","yes","Sebha_returnee",0.228260869565217,NA,0.142005984463345,0.31451575466709,NA,NA,1.16865481914e-40,"Pearson's X^2: Rao & Scott adjustment"
"387","request_3","strata.names","no","Sirt_idp",0.915094339622642,NA,0.86176576083693,0.968422918408353,NA,NA,1.16865481914e-40,"Pearson's X^2: Rao & Scott adjustment"
"388","request_3","strata.names","yes","Sirt_idp",0.0849056603773585,NA,0.0315770815916469,0.13823423916307,NA,NA,1.16865481914e-40,"Pearson's X^2: Rao & Scott adjustment"
"389","request_3","strata.names","no","Sirt_non_displaced",0.853211009174312,NA,0.786450983858477,0.919971034490147,NA,NA,1.16865481914e-40,"Pearson's X^2: Rao & Scott adjustment"
"390","request_3","strata.names","yes","Sirt_non_displaced",0.146788990825688,NA,0.0800289655098528,0.213549016141523,NA,NA,1.16865481914e-40,"Pearson's X^2: Rao & Scott adjustment"
"391","request_3","strata.names","no","Sirt_returnee",0.931034482758621,NA,0.884710769508535,0.977358196008706,NA,NA,1.16865481914e-40,"Pearson's X^2: Rao & Scott adjustment"
"392","request_3","strata.names","yes","Sirt_returnee",0.0689655172413793,NA,0.0226418039912937,0.115289230491465,NA,NA,1.16865481914e-40,"Pearson's X^2: Rao & Scott adjustment"
"393","request_3","strata.names","no","Tripoli_idp",0.814432989690722,NA,0.736647990740808,0.892217988640636,NA,NA,1.16865481914e-40,"Pearson's X^2: Rao & Scott adjustment"
"394","request_3","strata.names","yes","Tripoli_idp",0.185567010309278,NA,0.107782011359365,0.263352009259192,NA,NA,1.16865481914e-40,"Pearson's X^2: Rao & Scott adjustment"
"395","request_3","strata.names","no","Tripoli_non_displaced",0.848214285714286,NA,0.781447548410559,0.914981023018013,NA,NA,1.16865481914e-40,"Pearson's X^2: Rao & Scott adjustment"
"396","request_3","strata.names","yes","Tripoli_non_displaced",0.151785714285714,NA,0.0850189769819873,0.218552451589441,NA,NA,1.16865481914e-40,"Pearson's X^2: Rao & Scott adjustment"
"397","request_3","strata.names","no","Tripoli_returnee",0.905172413793103,NA,0.851612793989453,0.958732033596754,NA,NA,1.16865481914e-40,"Pearson's X^2: Rao & Scott adjustment"
"398","request_3","strata.names","yes","Tripoli_returnee",0.0948275862068965,NA,0.0412679664032464,0.148387206010547,NA,NA,1.16865481914e-40,"Pearson's X^2: Rao & Scott adjustment"
"399","request_3","strata.names","no","Ubari_idp",0.303921568627451,NA,0.214198820865402,0.3936443163895,NA,NA,1.16865481914e-40,"Pearson's X^2: Rao & Scott adjustment"
"400","request_3","strata.names","yes","Ubari_idp",0.696078431372549,NA,0.6063556836105,0.785801179134598,NA,NA,1.16865481914e-40,"Pearson's X^2: Rao & Scott adjustment"
"401","request_3","strata.names","no","Ubari_non_displaced",0.640350877192982,NA,0.551846920246804,0.728854834139161,NA,NA,1.16865481914e-40,"Pearson's X^2: Rao & Scott adjustment"
"402","request_3","strata.names","yes","Ubari_non_displaced",0.359649122807018,NA,0.271145165860839,0.448153079753196,NA,NA,1.16865481914e-40,"Pearson's X^2: Rao & Scott adjustment"
"403","request_3","strata.names","no","Ubari_returnee",0.482456140350877,NA,0.390301612099429,0.574610668602326,NA,NA,1.16865481914e-40,"Pearson's X^2: Rao & Scott adjustment"
"404","request_3","strata.names","yes","Ubari_returnee",0.517543859649123,NA,0.425389331397675,0.609698387900571,NA,NA,1.16865481914e-40,"Pearson's X^2: Rao & Scott adjustment"
"405","request_3","strata.names","no","Wadi Ashshati_idp",0.678571428571428,NA,0.578074131706325,0.779068725436532,NA,NA,1.16865481914e-40,"Pearson's X^2: Rao & Scott adjustment"
"406","request_3","strata.names","yes","Wadi Ashshati_idp",0.321428571428571,NA,0.220931274563468,0.421925868293675,NA,NA,1.16865481914e-40,"Pearson's X^2: Rao & Scott adjustment"
"407","request_3","strata.names","no","Wadi Ashshati_non_displaced",0.814159292035398,NA,0.742103398343872,0.886215185726925,NA,NA,1.16865481914e-40,"Pearson's X^2: Rao & Scott adjustment"
"408","request_3","strata.names","yes","Wadi Ashshati_non_displaced",0.185840707964602,NA,0.113784814273075,0.257896601656128,NA,NA,1.16865481914e-40,"Pearson's X^2: Rao & Scott adjustment"
"409","request_3","strata.names","no","Wadi Ashshati_returnee",0.777777777777778,NA,0.640012145738741,0.915543409816814,NA,NA,1.16865481914e-40,"Pearson's X^2: Rao & Scott adjustment"
"410","request_3","strata.names","yes","Wadi Ashshati_returnee",0.222222222222222,NA,0.0844565901831859,0.359987854261259,NA,NA,1.16865481914e-40,"Pearson's X^2: Rao & Scott adjustment"
"411","request_3","strata.names","no","Zwara_idp",0.745098039215686,NA,0.660084907651891,0.830111170779481,NA,NA,1.16865481914e-40,"Pearson's X^2: Rao & Scott adjustment"
"412","request_3","strata.names","yes","Zwara_idp",0.254901960784314,NA,0.169888829220519,0.339915092348109,NA,NA,1.16865481914e-40,"Pearson's X^2: Rao & Scott adjustment"
"413","request_3","strata.names","no","Zwara_non_displaced",0.592592592592593,NA,0.499470209025729,0.685714976159456,NA,NA,1.16865481914e-40,"Pearson's X^2: Rao & Scott adjustment"
"414","request_3","strata.names","yes","Zwara_non_displaced",0.407407407407407,NA,0.314285023840544,0.500529790974271,NA,NA,1.16865481914e-40,"Pearson's X^2: Rao & Scott adjustment"
"415","request_3","strata.names","no","Zwara_returnee",0.552380952380952,NA,0.456791414995352,0.647970489766552,NA,NA,1.16865481914e-40,"Pearson's X^2: Rao & Scott adjustment"
"416","request_3","strata.names","yes","Zwara_returnee",0.447619047619048,NA,0.352029510233448,0.543208585004648,NA,NA,1.16865481914e-40,"Pearson's X^2: Rao & Scott adjustment"
"417","request_4","strata.names","no","Al Jabal Al Gharbi_idp",0.62962962962963,NA,0.538108305487256,0.721150953772003,NA,NA,4.30427347056446e-09,"Pearson's X^2: Rao & Scott adjustment"
"418","request_4","strata.names","yes","Al Jabal Al Gharbi_idp",0.37037037037037,NA,0.278849046227997,0.461891694512744,NA,NA,4.30427347056446e-09,"Pearson's X^2: Rao & Scott adjustment"
"419","request_4","strata.names","no","Al Jabal Al Gharbi_non_displaced",0.75,NA,0.66942642492144,0.83057357507856,NA,NA,4.30427347056446e-09,"Pearson's X^2: Rao & Scott adjustment"
"420","request_4","strata.names","yes","Al Jabal Al Gharbi_non_displaced",0.25,NA,0.16942642492144,0.33057357507856,NA,NA,4.30427347056446e-09,"Pearson's X^2: Rao & Scott adjustment"
"421","request_4","strata.names","no","Al Jabal Al Gharbi_returnee",0.694444444444444,NA,0.60714219287189,0.781746696016999,NA,NA,4.30427347056446e-09,"Pearson's X^2: Rao & Scott adjustment"
"422","request_4","strata.names","yes","Al Jabal Al Gharbi_returnee",0.305555555555556,NA,0.218253303983001,0.39285780712811,NA,NA,4.30427347056446e-09,"Pearson's X^2: Rao & Scott adjustment"
"423","request_4","strata.names","no","Aljfara_idp",0.813084112149533,NA,0.738852071239426,0.887316153059639,NA,NA,4.30427347056446e-09,"Pearson's X^2: Rao & Scott adjustment"
"424","request_4","strata.names","yes","Aljfara_idp",0.186915887850467,NA,0.112683846940361,0.261147928760574,NA,NA,4.30427347056446e-09,"Pearson's X^2: Rao & Scott adjustment"
"425","request_4","strata.names","no","Aljfara_non_displaced",0.736842105263158,NA,0.647802140493448,0.825882070032868,NA,NA,4.30427347056446e-09,"Pearson's X^2: Rao & Scott adjustment"
"426","request_4","strata.names","yes","Aljfara_non_displaced",0.263157894736842,NA,0.174117929967132,0.352197859506552,NA,NA,4.30427347056446e-09,"Pearson's X^2: Rao & Scott adjustment"
"427","request_4","strata.names","no","Aljfara_returnee",0.727272727272727,NA,0.639075814165486,0.815469640379969,NA,NA,4.30427347056446e-09,"Pearson's X^2: Rao & Scott adjustment"
"428","request_4","strata.names","yes","Aljfara_returnee",0.272727272727273,NA,0.184530359620031,0.360924185834514,NA,NA,4.30427347056446e-09,"Pearson's X^2: Rao & Scott adjustment"
"429","request_4","strata.names","no","Aljufra_idp",0.87012987012987,NA,0.794534818624005,0.945724921635735,NA,NA,4.30427347056446e-09,"Pearson's X^2: Rao & Scott adjustment"
"430","request_4","strata.names","yes","Aljufra_idp",0.12987012987013,NA,0.0542750783642651,0.205465181375995,NA,NA,4.30427347056446e-09,"Pearson's X^2: Rao & Scott adjustment"
"431","request_4","strata.names","no","Aljufra_non_displaced",0.894736842105263,NA,0.838138967443345,0.951334716767181,NA,NA,4.30427347056446e-09,"Pearson's X^2: Rao & Scott adjustment"
"432","request_4","strata.names","yes","Aljufra_non_displaced",0.105263157894737,NA,0.0486652832328192,0.161861032556655,NA,NA,4.30427347056446e-09,"Pearson's X^2: Rao & Scott adjustment"
"433","request_4","strata.names","no","Alkufra_idp",0.70873786407767,NA,0.620544027798968,0.796931700356371,NA,NA,4.30427347056446e-09,"Pearson's X^2: Rao & Scott adjustment"
"434","request_4","strata.names","yes","Alkufra_idp",0.29126213592233,NA,0.203068299643629,0.379455972201031,NA,NA,4.30427347056446e-09,"Pearson's X^2: Rao & Scott adjustment"
"435","request_4","strata.names","no","Alkufra_non_displaced",0.675438596491228,NA,0.58908992925162,0.761787263730836,NA,NA,4.30427347056446e-09,"Pearson's X^2: Rao & Scott adjustment"
"436","request_4","strata.names","yes","Alkufra_non_displaced",0.324561403508772,NA,0.238212736269164,0.41091007074838,NA,NA,4.30427347056446e-09,"Pearson's X^2: Rao & Scott adjustment"
"437","request_4","strata.names","no","Alkufra_returnee",0.8375,NA,0.756130989991347,0.918869010008652,NA,NA,4.30427347056446e-09,"Pearson's X^2: Rao & Scott adjustment"
"438","request_4","strata.names","yes","Alkufra_returnee",0.1625,NA,0.0811309899913474,0.243869010008653,NA,NA,4.30427347056446e-09,"Pearson's X^2: Rao & Scott adjustment"
"439","request_4","strata.names","no","Azzawya_idp",0.803571428571428,NA,0.729643834887239,0.877499022255617,NA,NA,4.30427347056446e-09,"Pearson's X^2: Rao & Scott adjustment"
"440","request_4","strata.names","yes","Azzawya_idp",0.196428571428571,NA,0.122500977744382,0.27035616511276,NA,NA,4.30427347056446e-09,"Pearson's X^2: Rao & Scott adjustment"
"441","request_4","strata.names","no","Azzawya_non_displaced",0.754237288135593,NA,0.676205321720331,0.832269254550855,NA,NA,4.30427347056446e-09,"Pearson's X^2: Rao & Scott adjustment"
"442","request_4","strata.names","yes","Azzawya_non_displaced",0.245762711864407,NA,0.167730745449145,0.323794678279669,NA,NA,4.30427347056446e-09,"Pearson's X^2: Rao & Scott adjustment"
"443","request_4","strata.names","no","Azzawya_returnee",0.859649122807018,NA,0.768652001933029,0.950646243681006,NA,NA,4.30427347056446e-09,"Pearson's X^2: Rao & Scott adjustment"
"444","request_4","strata.names","yes","Azzawya_returnee",0.140350877192982,NA,0.0493537563189942,0.231347998066971,NA,NA,4.30427347056446e-09,"Pearson's X^2: Rao & Scott adjustment"
"445","request_4","strata.names","no","Benghazi_idp",0.68141592920354,NA,0.595105625379783,0.767726233027297,NA,NA,4.30427347056446e-09,"Pearson's X^2: Rao & Scott adjustment"
"446","request_4","strata.names","yes","Benghazi_idp",0.31858407079646,NA,0.232273766972703,0.404894374620217,NA,NA,4.30427347056446e-09,"Pearson's X^2: Rao & Scott adjustment"
"447","request_4","strata.names","no","Benghazi_non_displaced",0.716814159292035,NA,0.633353169468206,0.800275149115864,NA,NA,4.30427347056446e-09,"Pearson's X^2: Rao & Scott adjustment"
"448","request_4","strata.names","yes","Benghazi_non_displaced",0.283185840707965,NA,0.199724850884136,0.366646830531794,NA,NA,4.30427347056446e-09,"Pearson's X^2: Rao & Scott adjustment"
"449","request_4","strata.names","no","Benghazi_returnee",0.669491525423729,NA,0.584235634287815,0.754747416559643,NA,NA,4.30427347056446e-09,"Pearson's X^2: Rao & Scott adjustment"
"450","request_4","strata.names","yes","Benghazi_returnee",0.330508474576271,NA,0.245252583440357,0.415764365712185,NA,NA,4.30427347056446e-09,"Pearson's X^2: Rao & Scott adjustment"
"451","request_4","strata.names","no","Derna_idp",0.426829268292683,NA,0.319088497914159,0.534570038671207,NA,NA,4.30427347056446e-09,"Pearson's X^2: Rao & Scott adjustment"
"452","request_4","strata.names","yes","Derna_idp",0.573170731707317,NA,0.465429961328793,0.680911502085842,NA,NA,4.30427347056446e-09,"Pearson's X^2: Rao & Scott adjustment"
"453","request_4","strata.names","no","Derna_non_displaced",0.423076923076923,NA,0.327642841356857,0.518511004796989,NA,NA,4.30427347056446e-09,"Pearson's X^2: Rao & Scott adjustment"
"454","request_4","strata.names","yes","Derna_non_displaced",0.576923076923077,NA,0.481488995203011,0.672357158643143,NA,NA,4.30427347056446e-09,"Pearson's X^2: Rao & Scott adjustment"
"455","request_4","strata.names","no","Derna_returnee",0.518867924528302,NA,0.423276396195659,0.614459452860945,NA,NA,4.30427347056446e-09,"Pearson's X^2: Rao & Scott adjustment"
"456","request_4","strata.names","yes","Derna_returnee",0.481132075471698,NA,0.385540547139055,0.576723603804341,NA,NA,4.30427347056446e-09,"Pearson's X^2: Rao & Scott adjustment"
"457","request_4","strata.names","no","Ejdabia_idp",0.581818181818182,NA,0.489195690997576,0.674440672638788,NA,NA,4.30427347056446e-09,"Pearson's X^2: Rao & Scott adjustment"
"458","request_4","strata.names","yes","Ejdabia_idp",0.418181818181818,NA,0.325559327361213,0.510804309002424,NA,NA,4.30427347056446e-09,"Pearson's X^2: Rao & Scott adjustment"
"459","request_4","strata.names","no","Ejdabia_non_displaced",0.739130434782609,NA,0.658504769464327,0.819756100100891,NA,NA,4.30427347056446e-09,"Pearson's X^2: Rao & Scott adjustment"
"460","request_4","strata.names","yes","Ejdabia_non_displaced",0.260869565217391,NA,0.18024389989911,0.341495230535673,NA,NA,4.30427347056446e-09,"Pearson's X^2: Rao & Scott adjustment"
"461","request_4","strata.names","no","Ejdabia_returnee",0.766666666666667,NA,0.658717532153159,0.874615801180174,NA,NA,4.30427347056446e-09,"Pearson's X^2: Rao & Scott adjustment"
"462","request_4","strata.names","yes","Ejdabia_returnee",0.233333333333333,NA,0.125384198819826,0.341282467846841,NA,NA,4.30427347056446e-09,"Pearson's X^2: Rao & Scott adjustment"
"463","request_4","strata.names","no","Ghat_idp",0.675675675675676,NA,0.588174064873354,0.763177286477997,NA,NA,4.30427347056446e-09,"Pearson's X^2: Rao & Scott adjustment"
"464","request_4","strata.names","yes","Ghat_idp",0.324324324324324,NA,0.236822713522003,0.411825935126646,NA,NA,4.30427347056446e-09,"Pearson's X^2: Rao & Scott adjustment"
"465","request_4","strata.names","no","Ghat_non_displaced",0.645454545454545,NA,0.555627103775327,0.735281987133764,NA,NA,4.30427347056446e-09,"Pearson's X^2: Rao & Scott adjustment"
"466","request_4","strata.names","yes","Ghat_non_displaced",0.354545454545455,NA,0.264718012866236,0.444372896224673,NA,NA,4.30427347056446e-09,"Pearson's X^2: Rao & Scott adjustment"
"467","request_4","strata.names","no","Ghat_returnee",0.473684210526316,NA,0.360655048120301,0.58671337293233,NA,NA,4.30427347056446e-09,"Pearson's X^2: Rao & Scott adjustment"
"468","request_4","strata.names","yes","Ghat_returnee",0.526315789473684,NA,0.413286627067669,0.639344951879699,NA,NA,4.30427347056446e-09,"Pearson's X^2: Rao & Scott adjustment"
"469","request_4","strata.names","no","Misrata_idp",0.818965517241379,NA,0.748574372526677,0.889356661956082,NA,NA,4.30427347056446e-09,"Pearson's X^2: Rao & Scott adjustment"
"470","request_4","strata.names","yes","Misrata_idp",0.181034482758621,NA,0.110643338043918,0.251425627473323,NA,NA,4.30427347056446e-09,"Pearson's X^2: Rao & Scott adjustment"
"471","request_4","strata.names","no","Misrata_non_displaced",0.853448275862069,NA,0.788795282681039,0.918101269043099,NA,NA,4.30427347056446e-09,"Pearson's X^2: Rao & Scott adjustment"
"472","request_4","strata.names","yes","Misrata_non_displaced",0.146551724137931,NA,0.0818987309569009,0.211204717318961,NA,NA,4.30427347056446e-09,"Pearson's X^2: Rao & Scott adjustment"
"473","request_4","strata.names","no","Misrata_returnee",0.842592592592593,NA,0.773571314065497,0.911613871119688,NA,NA,4.30427347056446e-09,"Pearson's X^2: Rao & Scott adjustment"
"474","request_4","strata.names","yes","Misrata_returnee",0.157407407407407,NA,0.0883861288803119,0.226428685934503,NA,NA,4.30427347056446e-09,"Pearson's X^2: Rao & Scott adjustment"
"475","request_4","strata.names","no","Murzuq_idp",0.827586206896552,NA,0.747732168045881,0.907440245747222,NA,NA,4.30427347056446e-09,"Pearson's X^2: Rao & Scott adjustment"
"476","request_4","strata.names","yes","Murzuq_idp",0.172413793103448,NA,0.0925597542527775,0.252267831954119,NA,NA,4.30427347056446e-09,"Pearson's X^2: Rao & Scott adjustment"
"477","request_4","strata.names","no","Murzuq_non_displaced",0.912621359223301,NA,0.857806114398097,0.967436604048505,NA,NA,4.30427347056446e-09,"Pearson's X^2: Rao & Scott adjustment"
"478","request_4","strata.names","yes","Murzuq_non_displaced",0.087378640776699,NA,0.0325633959514952,0.142193885601903,NA,NA,4.30427347056446e-09,"Pearson's X^2: Rao & Scott adjustment"
"479","request_4","strata.names","no","Murzuq_returnee",0.923076923076923,NA,0.838332923004813,1.00782092314903,NA,NA,4.30427347056446e-09,"Pearson's X^2: Rao & Scott adjustment"
"480","request_4","strata.names","yes","Murzuq_returnee",0.0769230769230769,NA,-0.00782092314903353,0.161667076995187,NA,NA,4.30427347056446e-09,"Pearson's X^2: Rao & Scott adjustment"
"481","request_4","strata.names","no","Sebha_idp",0.419642857142857,NA,0.327813914761059,0.511471799524655,NA,NA,4.30427347056446e-09,"Pearson's X^2: Rao & Scott adjustment"
"482","request_4","strata.names","yes","Sebha_idp",0.580357142857143,NA,0.488528200475345,0.672186085238941,NA,NA,4.30427347056446e-09,"Pearson's X^2: Rao & Scott adjustment"
"483","request_4","strata.names","no","Sebha_non_displaced",0.648648648648649,NA,0.559414164458281,0.737883132839017,NA,NA,4.30427347056446e-09,"Pearson's X^2: Rao & Scott adjustment"
"484","request_4","strata.names","yes","Sebha_non_displaced",0.351351351351351,NA,0.262116867160983,0.440585835541719,NA,NA,4.30427347056446e-09,"Pearson's X^2: Rao & Scott adjustment"
"485","request_4","strata.names","no","Sebha_returnee",0.554347826086957,NA,0.452201681286053,0.65649397088786,NA,NA,4.30427347056446e-09,"Pearson's X^2: Rao & Scott adjustment"
"486","request_4","strata.names","yes","Sebha_returnee",0.445652173913043,NA,0.34350602911214,0.547798318713947,NA,NA,4.30427347056446e-09,"Pearson's X^2: Rao & Scott adjustment"
"487","request_4","strata.names","no","Sirt_idp",0.292452830188679,NA,0.205423738464326,0.379481921913033,NA,NA,4.30427347056446e-09,"Pearson's X^2: Rao & Scott adjustment"
"488","request_4","strata.names","yes","Sirt_idp",0.707547169811321,NA,0.620518078086967,0.794576261535674,NA,NA,4.30427347056446e-09,"Pearson's X^2: Rao & Scott adjustment"
"489","request_4","strata.names","no","Sirt_non_displaced",0.63302752293578,NA,0.542105382185008,0.723949663686551,NA,NA,4.30427347056446e-09,"Pearson's X^2: Rao & Scott adjustment"
"490","request_4","strata.names","yes","Sirt_non_displaced",0.36697247706422,NA,0.276050336313448,0.457894617814992,NA,NA,4.30427347056446e-09,"Pearson's X^2: Rao & Scott adjustment"
"491","request_4","strata.names","no","Sirt_returnee",0.577586206896552,NA,0.48728739852219,0.667885015270913,NA,NA,4.30427347056446e-09,"Pearson's X^2: Rao & Scott adjustment"
"492","request_4","strata.names","yes","Sirt_returnee",0.422413793103448,NA,0.332114984729087,0.51271260147781,NA,NA,4.30427347056446e-09,"Pearson's X^2: Rao & Scott adjustment"
"493","request_4","strata.names","no","Tripoli_idp",0.473684210526316,NA,0.372722380443485,0.574646040609146,NA,NA,4.30427347056446e-09,"Pearson's X^2: Rao & Scott adjustment"
"494","request_4","strata.names","yes","Tripoli_idp",0.526315789473684,NA,0.425353959390853,0.627277619556515,NA,NA,4.30427347056446e-09,"Pearson's X^2: Rao & Scott adjustment"
"495","request_4","strata.names","no","Tripoli_non_displaced",0.642857142857143,NA,0.553697110164669,0.732017175549617,NA,NA,4.30427347056446e-09,"Pearson's X^2: Rao & Scott adjustment"
"496","request_4","strata.names","yes","Tripoli_non_displaced",0.357142857142857,NA,0.267982824450383,0.446302889835331,NA,NA,4.30427347056446e-09,"Pearson's X^2: Rao & Scott adjustment"
"497","request_4","strata.names","no","Tripoli_returnee",0.767241379310345,NA,0.689986936737637,0.844495821883053,NA,NA,4.30427347056446e-09,"Pearson's X^2: Rao & Scott adjustment"
"498","request_4","strata.names","yes","Tripoli_returnee",0.232758620689655,NA,0.155504178116947,0.310013063262363,NA,NA,4.30427347056446e-09,"Pearson's X^2: Rao & Scott adjustment"
"499","request_4","strata.names","no","Ubari_idp",0.833333333333333,NA,0.760634648856666,0.90603201781,NA,NA,4.30427347056446e-09,"Pearson's X^2: Rao & Scott adjustment"
"500","request_4","strata.names","yes","Ubari_idp",0.166666666666667,NA,0.0939679821899998,0.239365351143334,NA,NA,4.30427347056446e-09,"Pearson's X^2: Rao & Scott adjustment"
"501","request_4","strata.names","no","Ubari_non_displaced",0.62280701754386,NA,0.533420335630775,0.712193699456944,NA,NA,4.30427347056446e-09,"Pearson's X^2: Rao & Scott adjustment"
"502","request_4","strata.names","yes","Ubari_non_displaced",0.37719298245614,NA,0.287806300543056,0.466579664369225,NA,NA,4.30427347056446e-09,"Pearson's X^2: Rao & Scott adjustment"
"503","request_4","strata.names","no","Ubari_returnee",0.605263157894737,NA,0.515118454019241,0.695407861770233,NA,NA,4.30427347056446e-09,"Pearson's X^2: Rao & Scott adjustment"
"504","request_4","strata.names","yes","Ubari_returnee",0.394736842105263,NA,0.304592138229767,0.484881545980759,NA,NA,4.30427347056446e-09,"Pearson's X^2: Rao & Scott adjustment"
"505","request_4","strata.names","no","Wadi Ashshati_idp",0.662650602409639,NA,0.560290943722412,0.765010261096865,NA,NA,4.30427347056446e-09,"Pearson's X^2: Rao & Scott adjustment"
"506","request_4","strata.names","yes","Wadi Ashshati_idp",0.337349397590361,NA,0.234989738903135,0.439709056277588,NA,NA,4.30427347056446e-09,"Pearson's X^2: Rao & Scott adjustment"
"507","request_4","strata.names","no","Wadi Ashshati_non_displaced",0.84070796460177,NA,0.772918205966182,0.908497723237358,NA,NA,4.30427347056446e-09,"Pearson's X^2: Rao & Scott adjustment"
"508","request_4","strata.names","yes","Wadi Ashshati_non_displaced",0.15929203539823,NA,0.0915022767626422,0.227081794033818,NA,NA,4.30427347056446e-09,"Pearson's X^2: Rao & Scott adjustment"
"509","request_4","strata.names","no","Wadi Ashshati_returnee",0.611111111111111,NA,0.449566556774299,0.772655665447923,NA,NA,4.30427347056446e-09,"Pearson's X^2: Rao & Scott adjustment"
"510","request_4","strata.names","yes","Wadi Ashshati_returnee",0.388888888888889,NA,0.227344334552077,0.5504334432257,NA,NA,4.30427347056446e-09,"Pearson's X^2: Rao & Scott adjustment"
"511","request_4","strata.names","no","Zwara_idp",0.647058823529412,NA,0.553837375050173,0.740280272008651,NA,NA,4.30427347056446e-09,"Pearson's X^2: Rao & Scott adjustment"
"512","request_4","strata.names","yes","Zwara_idp",0.352941176470588,NA,0.259719727991349,0.446162624949827,NA,NA,4.30427347056446e-09,"Pearson's X^2: Rao & Scott adjustment"
"513","request_4","strata.names","no","Zwara_non_displaced",0.712962962962963,NA,0.62722679817998,0.798699127745947,NA,NA,4.30427347056446e-09,"Pearson's X^2: Rao & Scott adjustment"
"514","request_4","strata.names","yes","Zwara_non_displaced",0.287037037037037,NA,0.201300872254054,0.372773201820021,NA,NA,4.30427347056446e-09,"Pearson's X^2: Rao & Scott adjustment"
"515","request_4","strata.names","no","Zwara_returnee",0.688679245283019,NA,0.600091964221787,0.777266526344251,NA,NA,4.30427347056446e-09,"Pearson's X^2: Rao & Scott adjustment"
"516","request_4","strata.names","yes","Zwara_returnee",0.311320754716981,NA,0.222733473655749,0.399908035778213,NA,NA,4.30427347056446e-09,"Pearson's X^2: Rao & Scott adjustment"
