"","dependent.var","independent.var","dependent.var.value","independent.var.value","numbers","se","min","max","repeat.var","repeat.var.value","p.value"
"1","education_index2",NA," 1","NA","76% (74%-79%)",NA,0.744085647198833,0.785847512001643,NA,NA,NA
"2","education_index2",NA," 2","NA","18% (17%-20%)",NA,0.165638948551043,0.202996637404293,NA,NA,NA
"3","education_index2",NA," 3","NA","4% (3%-5%)",NA,0.0266027390221864,0.0490631080940967,NA,NA,NA
"4","education_index2",NA," 4","NA","1% (1%-2%)",NA,0.00815465914307317,0.017610748584832,NA,NA,NA
"5","education_index2",NA," 1","NA","76% (74%-79%)",NA,0.744085647198833,0.785847512001643,NA,NA,NA
"6","education_index2",NA," 2","NA","18% (17%-20%)",NA,0.165638948551043,0.202996637404293,NA,NA,NA
"7","education_index2",NA," 3","NA","4% (3%-5%)",NA,0.0266027390221864,0.0490631080940967,NA,NA,NA
"8","education_index2",NA," 4","NA","1% (1%-2%)",NA,0.00815465914307317,0.017610748584832,NA,NA,NA
"9","capacitygap_index1",NA,"1","NA","35% (32%-37%)",NA,0.320926234960445,0.373952222155616,NA,NA,NA
"10","capacitygap_index1",NA,"2","NA","12% (10%-13%)",NA,0.102104560255304,0.134998782838546,NA,NA,NA
"11","capacitygap_index1",NA,"3","NA","49% (46%-52%)",NA,0.462843727425476,0.515997305123186,NA,NA,NA
"12","capacitygap_index1",NA,"4","NA","4% (3%-6%)",NA,0.0320424385138231,0.0571347287276036,NA,NA,NA
"13","capacitygap_index1",NA,"1","NA","35% (32%-37%)",NA,0.320926234960445,0.373952222155616,NA,NA,NA
"14","capacitygap_index1",NA,"2","NA","12% (10%-13%)",NA,0.102104560255304,0.134998782838546,NA,NA,NA
"15","capacitygap_index1",NA,"3","NA","49% (46%-52%)",NA,0.462843727425476,0.515997305123186,NA,NA,NA
"16","capacitygap_index1",NA,"4","NA","4% (3%-6%)",NA,0.0320424385138231,0.0571347287276036,NA,NA,NA
"17","capacitygap_index1",NA,"1","NA","35% (32%-37%)",NA,0.320926234960445,0.373952222155616,NA,NA,NA
"18","capacitygap_index1",NA,"2","NA","12% (10%-13%)",NA,0.102104560255304,0.134998782838546,NA,NA,NA
"19","capacitygap_index1",NA,"3","NA","49% (46%-52%)",NA,0.462843727425476,0.515997305123186,NA,NA,NA
"20","capacitygap_index1",NA,"4","NA","4% (3%-6%)",NA,0.0320424385138231,0.0571347287276036,NA,NA,NA
"21","capacitygap_index1",NA,"1","NA","35% (32%-37%)",NA,0.320926234960445,0.373952222155616,NA,NA,NA
"22","capacitygap_index1",NA,"2","NA","12% (10%-13%)",NA,0.102104560255304,0.134998782838546,NA,NA,NA
"23","capacitygap_index1",NA,"3","NA","49% (46%-52%)",NA,0.462843727425476,0.515997305123186,NA,NA,NA
"24","capacitygap_index1",NA,"4","NA","4% (3%-6%)",NA,0.0320424385138231,0.0571347287276036,NA,NA,NA
"25","preexisting_vulnerability_index1",NA,"1","NA","94% (93%-95%)",NA,0.929918979570713,0.9539729412707,NA,NA,NA
"26","preexisting_vulnerability_index1",NA,"2","NA","6% (5%-7%)",NA,0.0460239168252499,0.0700778757793106,NA,NA,NA
"27","preexisting_vulnerability_index1",NA,"4","NA","0%",NA,-3.01743272609152e-06,9.30398675246419e-06,NA,NA,NA
"28","preexisting_vulnerability_index1",NA,"1","NA","94% (93%-95%)",NA,0.929918979570713,0.9539729412707,NA,NA,NA
"29","preexisting_vulnerability_index1",NA,"2","NA","6% (5%-7%)",NA,0.0460239168252499,0.0700778757793106,NA,NA,NA
"30","preexisting_vulnerability_index1",NA,"4","NA","0%",NA,-3.01743272609152e-06,9.30398675246419e-06,NA,NA,NA
"31","preexisting_vulnerability_index1",NA,"1","NA","94% (93%-95%)",NA,0.929918979570713,0.9539729412707,NA,NA,NA
"32","preexisting_vulnerability_index1",NA,"2","NA","6% (5%-7%)",NA,0.0460239168252499,0.0700778757793106,NA,NA,NA
"33","preexisting_vulnerability_index1",NA,"4","NA","0%",NA,-3.01743272609152e-06,9.30398675246419e-06,NA,NA,NA
"34","preexisting_vulnerability_index1",NA,"1","NA","94% (93%-95%)",NA,0.929918979570713,0.9539729412707,NA,NA,NA
"35","preexisting_vulnerability_index1",NA,"2","NA","6% (5%-7%)",NA,0.0460239168252499,0.0700778757793106,NA,NA,NA
"36","preexisting_vulnerability_index1",NA,"4","NA","0%",NA,-3.01743272609152e-06,9.30398675246419e-06,NA,NA,NA
"37","preexisting_vulnerability_index2",NA," 1","NA","64% (62%-67%)",NA,0.619114940249621,0.669986266616613,NA,NA,NA
"38","preexisting_vulnerability_index2",NA," 2","NA","36% (33%-38%)",NA,0.330013733383387,0.38088505975038,NA,NA,NA
"39","preexisting_vulnerability_index2",NA," 1","NA","64% (62%-67%)",NA,0.619114940249621,0.669986266616613,NA,NA,NA
"40","preexisting_vulnerability_index2",NA," 2","NA","36% (33%-38%)",NA,0.330013733383387,0.38088505975038,NA,NA,NA
"41","preexisting_vulnerability_index3",NA," 1","NA","98% (97%-99%)",NA,0.970987726510257,0.988603245686571,NA,NA,NA
"42","preexisting_vulnerability_index3",NA," 2","NA","2% (1%-3%)",NA,0.0113967543134292,0.029012273489743,NA,NA,NA
"43","preexisting_vulnerability_index3",NA," 1","NA","98% (97%-99%)",NA,0.970987726510257,0.988603245686571,NA,NA,NA
"44","preexisting_vulnerability_index3",NA," 2","NA","2% (1%-3%)",NA,0.0113967543134292,0.029012273489743,NA,NA,NA
"45","preexisting_vulnerability_index4",NA," 1","NA","98% (97%-99%)",NA,0.970191340930099,0.988134416678818,NA,NA,NA
"46","preexisting_vulnerability_index4",NA," 2","NA","1% (1%-2%)",NA,0.00608325205922387,0.0198965090077508,NA,NA,NA
"47","preexisting_vulnerability_index4",NA," 3","NA","1% (0%-1%)",NA,0.00202420814863319,0.0136702731754749,NA,NA,NA
"48","preexisting_vulnerability_index4",NA," 1","NA","98% (97%-99%)",NA,0.970191340930099,0.988134416678818,NA,NA,NA
"49","preexisting_vulnerability_index4",NA," 2","NA","1% (1%-2%)",NA,0.00608325205922387,0.0198965090077508,NA,NA,NA
"50","preexisting_vulnerability_index4",NA," 3","NA","1% (0%-1%)",NA,0.00202420814863319,0.0136702731754749,NA,NA,NA
"51","preexisting_vulnerability_index4",NA," 1","NA","98% (97%-99%)",NA,0.970191340930099,0.988134416678818,NA,NA,NA
"52","preexisting_vulnerability_index4",NA," 2","NA","1% (1%-2%)",NA,0.00608325205922387,0.0198965090077508,NA,NA,NA
"53","preexisting_vulnerability_index4",NA," 3","NA","1% (0%-1%)",NA,0.00202420814863319,0.0136702731754749,NA,NA,NA
"54","preexisting_vulnerability_index5",NA,"1","NA","42% (39%-44%)",NA,0.392366689391085,0.444952683129299,NA,NA,NA
"55","preexisting_vulnerability_index5",NA,"2","NA","58% (56%-61%)",NA,0.555047316870701,0.607633310608915,NA,NA,NA
"56","preexisting_vulnerability_index5",NA,"1","NA","42% (39%-44%)",NA,0.392366689391085,0.444952683129299,NA,NA,NA
"57","preexisting_vulnerability_index5",NA,"2","NA","58% (56%-61%)",NA,0.555047316870701,0.607633310608915,NA,NA,NA
"58","preexisting_vulnerability_index6",NA," 1","NA","97% (95%-98%)",NA,0.952927640280467,0.977354006855775,NA,NA,NA
"59","preexisting_vulnerability_index6",NA," 3","NA","3% (2%-5%)",NA,0.0226459931442254,0.0470723597195333,NA,NA,NA
"60","preexisting_vulnerability_index6",NA," 1","NA","97% (95%-98%)",NA,0.952927640280467,0.977354006855775,NA,NA,NA
"61","preexisting_vulnerability_index6",NA," 3","NA","3% (2%-5%)",NA,0.0226459931442254,0.0470723597195333,NA,NA,NA
"62","preexisting_vulnerability_index7",NA," 1","NA","96% (95%-96%)",NA,0.946809548960017,0.964869081971207,NA,NA,NA
"63","preexisting_vulnerability_index7",NA," 3","NA","4% (4%-5%)",NA,0.0351309180287927,0.0531904510399831,NA,NA,NA
"64","preexisting_vulnerability_index7",NA," 1","NA","96% (95%-96%)",NA,0.946809548960017,0.964869081971207,NA,NA,NA
"65","preexisting_vulnerability_index7",NA," 3","NA","4% (4%-5%)",NA,0.0351309180287927,0.0531904510399831,NA,NA,NA
"66","impact_index1",NA," 1","NA","50% (48%-53%)",NA,0.476926636775896,0.532376527752356,NA,NA,NA
"67","impact_index1",NA," 2","NA","7% (5%-8%)",NA,0.0490545526715146,0.0849492467363244,NA,NA,NA
"68","impact_index1",NA," 3","NA","43% (40%-45%)",NA,0.403095468816265,0.453597567247643,NA,NA,NA
"69","impact_index1",NA," 1","NA","50% (48%-53%)",NA,0.476926636775896,0.532376527752356,NA,NA,NA
"70","impact_index1",NA," 2","NA","7% (5%-8%)",NA,0.0490545526715146,0.0849492467363244,NA,NA,NA
"71","impact_index1",NA," 3","NA","43% (40%-45%)",NA,0.403095468816265,0.453597567247643,NA,NA,NA
"72","impact_index1",NA," 1","NA","50% (48%-53%)",NA,0.476926636775896,0.532376527752356,NA,NA,NA
"73","impact_index1",NA," 2","NA","7% (5%-8%)",NA,0.0490545526715146,0.0849492467363244,NA,NA,NA
"74","impact_index1",NA," 3","NA","43% (40%-45%)",NA,0.403095468816265,0.453597567247643,NA,NA,NA
"75","impact_index2",NA," 1","NA","34% (30%-38%)",NA,0.303019845364043,0.378766225030357,NA,NA,NA
"76","impact_index2",NA," 2","NA","59% (54%-63%)",NA,0.544840337765624,0.625210307261856,NA,NA,NA
"77","impact_index2",NA," 3","NA","7% (5%-10%)",NA,0.0528196985045759,0.0953435860735446,NA,NA,NA
"78","impact_index2",NA," 1","NA","34% (30%-38%)",NA,0.303019845364043,0.378766225030357,NA,NA,NA
"79","impact_index2",NA," 2","NA","59% (54%-63%)",NA,0.544840337765624,0.625210307261856,NA,NA,NA
"80","impact_index2",NA," 3","NA","7% (5%-10%)",NA,0.0528196985045759,0.0953435860735446,NA,NA,NA
"81","impact_index2",NA," 1","NA","34% (30%-38%)",NA,0.303019845364043,0.378766225030357,NA,NA,NA
"82","impact_index2",NA," 2","NA","59% (54%-63%)",NA,0.544840337765624,0.625210307261856,NA,NA,NA
"83","impact_index2",NA," 3","NA","7% (5%-10%)",NA,0.0528196985045759,0.0953435860735446,NA,NA,NA
"84","impact_index3",NA," 1","NA","98% (97%-99%)",NA,0.968240841809831,0.985140972648215,NA,NA,NA
"85","impact_index3",NA," 2","NA","2% (1%-3%)",NA,0.0119496935739081,0.0262547922479506,NA,NA,NA
"86","impact_index3",NA," 3","NA","0% (0%-1%)",NA,-0.000347232702167388,0.00876093242226202,NA,NA,NA
"87","impact_index3",NA," 1","NA","98% (97%-99%)",NA,0.968240841809831,0.985140972648215,NA,NA,NA
"88","impact_index3",NA," 2","NA","2% (1%-3%)",NA,0.0119496935739081,0.0262547922479506,NA,NA,NA
"89","impact_index3",NA," 3","NA","0% (0%-1%)",NA,-0.000347232702167388,0.00876093242226202,NA,NA,NA
"90","impact_index3",NA," 1","NA","98% (97%-99%)",NA,0.968240841809831,0.985140972648215,NA,NA,NA
"91","impact_index3",NA," 2","NA","2% (1%-3%)",NA,0.0119496935739081,0.0262547922479506,NA,NA,NA
"92","impact_index3",NA," 3","NA","0% (0%-1%)",NA,-0.000347232702167388,0.00876093242226202,NA,NA,NA
"93","impact_index4",NA," 1","NA","97% (96%-98%)",NA,0.96327782679285,0.978816509906059,NA,NA,NA
"94","impact_index4",NA," 2","NA","1% (0%-1%)",NA,0.00292557922226842,0.0092065416085199,NA,NA,NA
"95","impact_index4",NA," 3","NA","2% (2%-3%)",NA,0.0157197050788559,0.0300538373914472,NA,NA,NA
"96","impact_index4",NA," 1","NA","97% (96%-98%)",NA,0.96327782679285,0.978816509906059,NA,NA,NA
"97","impact_index4",NA," 2","NA","1% (0%-1%)",NA,0.00292557922226842,0.0092065416085199,NA,NA,NA
"98","impact_index4",NA," 3","NA","2% (2%-3%)",NA,0.0157197050788559,0.0300538373914472,NA,NA,NA
"99","impact_index4",NA," 1","NA","97% (96%-98%)",NA,0.96327782679285,0.978816509906059,NA,NA,NA
"100","impact_index4",NA," 2","NA","1% (0%-1%)",NA,0.00292557922226842,0.0092065416085199,NA,NA,NA
"101","impact_index4",NA," 3","NA","2% (2%-3%)",NA,0.0157197050788559,0.0300538373914472,NA,NA,NA
"102","impact_index5",NA," 1","NA","65% (63%-67%)",NA,0.633974345583394,0.674783188716017,NA,NA,NA
"103","impact_index5",NA," 2","NA","34% (31%-36%)",NA,0.314951194256562,0.355070565160836,NA,NA,NA
"104","impact_index5",NA," 3","NA","1% (1%-2%)",NA,0.00562852337495082,0.015592182908241,NA,NA,NA
"105","impact_index5",NA," 1","NA","65% (63%-67%)",NA,0.633974345583394,0.674783188716017,NA,NA,NA
"106","impact_index5",NA," 2","NA","34% (31%-36%)",NA,0.314951194256562,0.355070565160836,NA,NA,NA
"107","impact_index5",NA," 3","NA","1% (1%-2%)",NA,0.00562852337495082,0.015592182908241,NA,NA,NA
"108","impact_index5",NA," 1","NA","65% (63%-67%)",NA,0.633974345583394,0.674783188716017,NA,NA,NA
"109","impact_index5",NA," 2","NA","34% (31%-36%)",NA,0.314951194256562,0.355070565160836,NA,NA,NA
"110","impact_index5",NA," 3","NA","1% (1%-2%)",NA,0.00562852337495082,0.015592182908241,NA,NA,NA
"111","impact_index6",NA," 1","NA","100% (100%-100%)",NA,0.99691289243066,0.999778463977234,NA,NA,NA
"112","impact_index6",NA," 3","NA","0%",NA,0.000221536022765572,0.00308710756934046,NA,NA,NA
"113","impact_index6",NA," 1","NA","100% (100%-100%)",NA,0.99691289243066,0.999778463977234,NA,NA,NA
"114","impact_index6",NA," 3","NA","0%",NA,0.000221536022765572,0.00308710756934046,NA,NA,NA
"115","impact_index7",NA,"1","NA","85% (85%-85%)",NA,0.854453252141847,0.854453252141847,NA,NA,NA
"116","impact_index7",NA,"2","NA","11% (10%-11%)",NA,0.104962080739305,0.111104201839901,NA,NA,NA
"117","impact_index7",NA,"3","NA","4% (3%-4%)",NA,0.0344425460182524,0.0405846671188486,NA,NA,NA
"118","impact_index7",NA,"1","NA","85% (85%-85%)",NA,0.854453252141847,0.854453252141847,NA,NA,NA
"119","impact_index7",NA,"2","NA","11% (10%-11%)",NA,0.104962080739305,0.111104201839901,NA,NA,NA
"120","impact_index7",NA,"3","NA","4% (3%-4%)",NA,0.0344425460182524,0.0405846671188486,NA,NA,NA
"121","impact_index7",NA,"1","NA","85% (85%-85%)",NA,0.854453252141847,0.854453252141847,NA,NA,NA
"122","impact_index7",NA,"2","NA","11% (10%-11%)",NA,0.104962080739305,0.111104201839901,NA,NA,NA
"123","impact_index7",NA,"3","NA","4% (3%-4%)",NA,0.0344425460182524,0.0405846671188486,NA,NA,NA
"124","impact_index8",NA," 1","NA","83% (81%-85%)",NA,0.807691853781279,0.852076089422118,NA,NA,NA
"125","impact_index8",NA," 2","NA","4% (3%-5%)",NA,0.0263399850978369,0.0471852197551172,NA,NA,NA
"126","impact_index8",NA," 3","NA","13% (11%-15%)",NA,0.112754342960861,0.153952508982787,NA,NA,NA
"127","impact_index8",NA," 1","NA","83% (81%-85%)",NA,0.807691853781279,0.852076089422118,NA,NA,NA
"128","impact_index8",NA," 2","NA","4% (3%-5%)",NA,0.0263399850978369,0.0471852197551172,NA,NA,NA
"129","impact_index8",NA," 3","NA","13% (11%-15%)",NA,0.112754342960861,0.153952508982787,NA,NA,NA
"130","impact_index8",NA," 1","NA","83% (81%-85%)",NA,0.807691853781279,0.852076089422118,NA,NA,NA
"131","impact_index8",NA," 2","NA","4% (3%-5%)",NA,0.0263399850978369,0.0471852197551172,NA,NA,NA
"132","impact_index8",NA," 3","NA","13% (11%-15%)",NA,0.112754342960861,0.153952508982787,NA,NA,NA
"133","impact_index9",NA," 1","NA","99% (99%-100%)",NA,0.989522560399351,0.99917565453655,NA,NA,NA
"134","impact_index9",NA," 2","NA","0%",NA,-7.41579484437082e-05,0.000465466082047053,NA,NA,NA
"135","impact_index9",NA," 3","NA","1% (0%-1%)",NA,0.000636087704759786,0.0102743892257353,NA,NA,NA
"136","impact_index9",NA," 1","NA","99% (99%-100%)",NA,0.989522560399351,0.99917565453655,NA,NA,NA
"137","impact_index9",NA," 2","NA","0%",NA,-7.41579484437082e-05,0.000465466082047053,NA,NA,NA
"138","impact_index9",NA," 3","NA","1% (0%-1%)",NA,0.000636087704759786,0.0102743892257353,NA,NA,NA
"139","impact_index9",NA," 1","NA","99% (99%-100%)",NA,0.989522560399351,0.99917565453655,NA,NA,NA
"140","impact_index9",NA," 2","NA","0%",NA,-7.41579484437082e-05,0.000465466082047053,NA,NA,NA
"141","impact_index9",NA," 3","NA","1% (0%-1%)",NA,0.000636087704759786,0.0102743892257353,NA,NA,NA
"142","protection_index1",NA,"1","NA","63% (61%-66%)",NA,0.609639184001593,0.657892906242615,NA,NA,NA
"143","protection_index1",NA,"3","NA","37% (34%-39%)",NA,0.342107093757385,0.390360815998407,NA,NA,NA
"144","protection_index1",NA,"1","NA","63% (61%-66%)",NA,0.609639184001593,0.657892906242615,NA,NA,NA
"145","protection_index1",NA,"3","NA","37% (34%-39%)",NA,0.342107093757385,0.390360815998407,NA,NA,NA
"146","protection_index2",NA," 1","NA","94% (92%-95%)",NA,0.924172550242633,0.950065463301406,NA,NA,NA
"147","protection_index2",NA," 2","NA","3% (2%-4%)",NA,0.0230504041624922,0.0418640218002249,NA,NA,NA
"148","protection_index2",NA," 3","NA","3% (2%-4%)",NA,0.021109775189875,0.039737785303369,NA,NA,NA
"149","protection_index2",NA," 1","NA","94% (92%-95%)",NA,0.924172550242633,0.950065463301406,NA,NA,NA
"150","protection_index2",NA," 2","NA","3% (2%-4%)",NA,0.0230504041624922,0.0418640218002249,NA,NA,NA
"151","protection_index2",NA," 3","NA","3% (2%-4%)",NA,0.021109775189875,0.039737785303369,NA,NA,NA
"152","protection_index2",NA," 1","NA","94% (92%-95%)",NA,0.924172550242633,0.950065463301406,NA,NA,NA
"153","protection_index2",NA," 2","NA","3% (2%-4%)",NA,0.0230504041624922,0.0418640218002249,NA,NA,NA
"154","protection_index2",NA," 3","NA","3% (2%-4%)",NA,0.021109775189875,0.039737785303369,NA,NA,NA
"155","protection_index3",NA," 1","NA","97% (96%-98%)",NA,0.955139272861918,0.976725796468746,NA,NA,NA
"156","protection_index3",NA," 3","NA","2% (1%-3%)",NA,0.0127699483315437,0.0283227083971416,NA,NA,NA
"157","protection_index3",NA," 4","NA","1% (1%-2%)",NA,0.0058637975790132,0.0211784763616382,NA,NA,NA
"158","protection_index3",NA," 1","NA","97% (96%-98%)",NA,0.955139272861918,0.976725796468746,NA,NA,NA
"159","protection_index3",NA," 3","NA","2% (1%-3%)",NA,0.0127699483315437,0.0283227083971416,NA,NA,NA
"160","protection_index3",NA," 4","NA","1% (1%-2%)",NA,0.0058637975790132,0.0211784763616382,NA,NA,NA
"161","protection_index3",NA," 1","NA","97% (96%-98%)",NA,0.955139272861918,0.976725796468746,NA,NA,NA
"162","protection_index3",NA," 3","NA","2% (1%-3%)",NA,0.0127699483315437,0.0283227083971416,NA,NA,NA
"163","protection_index3",NA," 4","NA","1% (1%-2%)",NA,0.0058637975790132,0.0211784763616382,NA,NA,NA
"164","protection_index4",NA," 1","NA","98% (98%-99%)",NA,0.9787845268314,0.990538006755123,NA,NA,NA
"165","protection_index4",NA," 4","NA","2% (1%-2%)",NA,0.00946199324487672,0.0212154731685998,NA,NA,NA
"166","protection_index4",NA," 1","NA","98% (98%-99%)",NA,0.9787845268314,0.990538006755123,NA,NA,NA
"167","protection_index4",NA," 4","NA","2% (1%-2%)",NA,0.00946199324487672,0.0212154731685998,NA,NA,NA
"168","protection_index5",NA," 1","NA","94% (92%-95%)",NA,0.924325917448031,0.950851449889684,NA,NA,NA
"169","protection_index5",NA," 3","NA","6% (5%-8%)",NA,0.0491485501103162,0.0756740825519694,NA,NA,NA
"170","protection_index5",NA," 1","NA","94% (92%-95%)",NA,0.924325917448031,0.950851449889684,NA,NA,NA
"171","protection_index5",NA," 3","NA","6% (5%-8%)",NA,0.0491485501103162,0.0756740825519694,NA,NA,NA
"172","protection_index6",NA," 1","NA","97% (96%-99%)",NA,0.960598317031563,0.985772347237851,NA,NA,NA
"173","protection_index6",NA," 2","NA","3% (1%-4%)",NA,0.0142276527621486,0.0394016829684368,NA,NA,NA
"174","protection_index6",NA," 1","NA","97% (96%-99%)",NA,0.960598317031563,0.985772347237851,NA,NA,NA
"175","protection_index6",NA," 2","NA","3% (1%-4%)",NA,0.0142276527621486,0.0394016829684368,NA,NA,NA
"176","shelter_nfi_index1",NA," 1","NA","99% (98%-99%)",NA,0.977852388100937,0.993753949073416,NA,NA,NA
"177","shelter_nfi_index1",NA," 3","NA","1% (1%-2%)",NA,0.00624605092658424,0.0221476118990626,NA,NA,NA
"178","shelter_nfi_index1",NA," 1","NA","99% (98%-99%)",NA,0.977852388100937,0.993753949073416,NA,NA,NA
"179","shelter_nfi_index1",NA," 3","NA","1% (1%-2%)",NA,0.00624605092658424,0.0221476118990626,NA,NA,NA
"180","shelter_nfi_index2",NA,"1","NA","95% (94%-97%)",NA,0.94413552033332,0.965066141396687,NA,NA,NA
"181","shelter_nfi_index2",NA,"2","NA","3% (2%-4%)",NA,0.0227453479854416,0.0407886100413547,NA,NA,NA
"182","shelter_nfi_index2",NA,"3","NA","1% (1%-2%)",NA,0.00565585444636633,0.016100228309915,NA,NA,NA
"183","shelter_nfi_index2",NA,"4","NA","0%",NA,0.000728672943785244,0.00477962454312962,NA,NA,NA
"184","shelter_nfi_index2",NA,"1","NA","95% (94%-97%)",NA,0.94413552033332,0.965066141396687,NA,NA,NA
"185","shelter_nfi_index2",NA,"2","NA","3% (2%-4%)",NA,0.0227453479854416,0.0407886100413547,NA,NA,NA
"186","shelter_nfi_index2",NA,"3","NA","1% (1%-2%)",NA,0.00565585444636633,0.016100228309915,NA,NA,NA
"187","shelter_nfi_index2",NA,"4","NA","0%",NA,0.000728672943785244,0.00477962454312962,NA,NA,NA
"188","shelter_nfi_index2",NA,"1","NA","95% (94%-97%)",NA,0.94413552033332,0.965066141396687,NA,NA,NA
"189","shelter_nfi_index2",NA,"2","NA","3% (2%-4%)",NA,0.0227453479854416,0.0407886100413547,NA,NA,NA
"190","shelter_nfi_index2",NA,"3","NA","1% (1%-2%)",NA,0.00565585444636633,0.016100228309915,NA,NA,NA
"191","shelter_nfi_index2",NA,"4","NA","0%",NA,0.000728672943785244,0.00477962454312962,NA,NA,NA
"192","shelter_nfi_index2",NA,"1","NA","95% (94%-97%)",NA,0.94413552033332,0.965066141396687,NA,NA,NA
"193","shelter_nfi_index2",NA,"2","NA","3% (2%-4%)",NA,0.0227453479854416,0.0407886100413547,NA,NA,NA
"194","shelter_nfi_index2",NA,"3","NA","1% (1%-2%)",NA,0.00565585444636633,0.016100228309915,NA,NA,NA
"195","shelter_nfi_index2",NA,"4","NA","0%",NA,0.000728672943785244,0.00477962454312962,NA,NA,NA
"196","shelter_nfi_index3",NA," 1","NA","98% (97%-98%)",NA,0.970506446607488,0.983118906853623,NA,NA,NA
"197","shelter_nfi_index3",NA," 3","NA","2% (2%-3%)",NA,0.0168810931463766,0.0294935533925121,NA,NA,NA
"198","shelter_nfi_index3",NA," 1","NA","98% (97%-98%)",NA,0.970506446607488,0.983118906853623,NA,NA,NA
"199","shelter_nfi_index3",NA," 3","NA","2% (2%-3%)",NA,0.0168810931463766,0.0294935533925121,NA,NA,NA
"200","shelter_nfi_index4",NA," 1","NA","97% (96%-98%)",NA,0.960017328445081,0.977799072656291,NA,NA,NA
"201","shelter_nfi_index4",NA," 3","NA","3% (2%-4%)",NA,0.0222009273437092,0.0399826715549191,NA,NA,NA
"202","shelter_nfi_index4",NA," 1","NA","97% (96%-98%)",NA,0.960017328445081,0.977799072656291,NA,NA,NA
"203","shelter_nfi_index4",NA," 3","NA","3% (2%-4%)",NA,0.0222009273437092,0.0399826715549191,NA,NA,NA
"204","fcs_index1",NA,"1","NA","96% (95%-97%)",NA,0.950817764860401,0.966856614217908,NA,NA,NA
"205","fcs_index1",NA,"3","NA","3% (3%-4%)",NA,0.0257412351717654,0.0402853461417932,NA,NA,NA
"206","fcs_index1",NA,"4","NA","1% (0%-1%)",NA,0.00448422644751067,0.0118148131606217,NA,NA,NA
"207","fcs_index1",NA,"1","NA","96% (95%-97%)",NA,0.950817764860401,0.966856614217908,NA,NA,NA
"208","fcs_index1",NA,"3","NA","3% (3%-4%)",NA,0.0257412351717654,0.0402853461417932,NA,NA,NA
"209","fcs_index1",NA,"4","NA","1% (0%-1%)",NA,0.00448422644751067,0.0118148131606217,NA,NA,NA
"210","fcs_index1",NA,"1","NA","96% (95%-97%)",NA,0.950817764860401,0.966856614217908,NA,NA,NA
"211","fcs_index1",NA,"3","NA","3% (3%-4%)",NA,0.0257412351717654,0.0402853461417932,NA,NA,NA
"212","fcs_index1",NA,"4","NA","1% (0%-1%)",NA,0.00448422644751067,0.0118148131606217,NA,NA,NA
"213","fcs_index2",NA," 1","NA","69% (67%-71%)",NA,0.670651592067029,0.709989827887641,NA,NA,NA
"214","fcs_index2",NA," 2","NA","31% (29%-33%)",NA,0.290010172112359,0.329348407932971,NA,NA,NA
"215","fcs_index2",NA," 1","NA","69% (67%-71%)",NA,0.670651592067029,0.709989827887641,NA,NA,NA
"216","fcs_index2",NA," 2","NA","31% (29%-33%)",NA,0.290010172112359,0.329348407932971,NA,NA,NA
"217","fcs_index3",NA,"1","NA","60% (57%-63%)",NA,0.57469648418174,0.627980332440545,NA,NA,NA
"218","fcs_index3",NA,"3","NA","26% (24%-29%)",NA,0.239359051582704,0.287319250789471,NA,NA,NA
"219","fcs_index3",NA,"4","NA","14% (12%-15%)",NA,0.116348137579782,0.154296743425758,NA,NA,NA
"220","fcs_index3",NA,"1","NA","60% (57%-63%)",NA,0.57469648418174,0.627980332440545,NA,NA,NA
"221","fcs_index3",NA,"3","NA","26% (24%-29%)",NA,0.239359051582704,0.287319250789471,NA,NA,NA
"222","fcs_index3",NA,"4","NA","14% (12%-15%)",NA,0.116348137579782,0.154296743425758,NA,NA,NA
"223","fcs_index3",NA,"1","NA","60% (57%-63%)",NA,0.57469648418174,0.627980332440545,NA,NA,NA
"224","fcs_index3",NA,"3","NA","26% (24%-29%)",NA,0.239359051582704,0.287319250789471,NA,NA,NA
"225","fcs_index3",NA,"4","NA","14% (12%-15%)",NA,0.116348137579782,0.154296743425758,NA,NA,NA
"226","fcs_index4",NA," 1","NA","57% (55%-60%)",NA,0.550871650140878,0.597510596194663,NA,NA,NA
"227","fcs_index4",NA," 2","NA","43% (40%-45%)",NA,0.402489403805337,0.449128349859122,NA,NA,NA
"228","fcs_index4",NA," 1","NA","57% (55%-60%)",NA,0.550871650140878,0.597510596194663,NA,NA,NA
"229","fcs_index4",NA," 2","NA","43% (40%-45%)",NA,0.402489403805337,0.449128349859122,NA,NA,NA
"230","health_index1",NA," 1","NA","76% (74%-78%)",NA,0.737043210364265,0.776630504758676,NA,NA,NA
"231","health_index1",NA," 2","NA","4% (3%-5%)",NA,0.028613413058988,0.0469440701139171,NA,NA,NA
"232","health_index1",NA," 3","NA","18% (16%-20%)",NA,0.162082143314344,0.196929382742091,NA,NA,NA
"233","health_index1",NA," 4","NA","3% (2%-3%)",NA,0.0180659595930745,0.0336913160546441,NA,NA,NA
"234","health_index1",NA," 1","NA","76% (74%-78%)",NA,0.737043210364265,0.776630504758676,NA,NA,NA
"235","health_index1",NA," 2","NA","4% (3%-5%)",NA,0.028613413058988,0.0469440701139171,NA,NA,NA
"236","health_index1",NA," 3","NA","18% (16%-20%)",NA,0.162082143314344,0.196929382742091,NA,NA,NA
"237","health_index1",NA," 4","NA","3% (2%-3%)",NA,0.0180659595930745,0.0336913160546441,NA,NA,NA
"238","health_index1",NA," 1","NA","76% (74%-78%)",NA,0.737043210364265,0.776630504758676,NA,NA,NA
"239","health_index1",NA," 2","NA","4% (3%-5%)",NA,0.028613413058988,0.0469440701139171,NA,NA,NA
"240","health_index1",NA," 3","NA","18% (16%-20%)",NA,0.162082143314344,0.196929382742091,NA,NA,NA
"241","health_index1",NA," 4","NA","3% (2%-3%)",NA,0.0180659595930745,0.0336913160546441,NA,NA,NA
"242","health_index1",NA," 1","NA","76% (74%-78%)",NA,0.737043210364265,0.776630504758676,NA,NA,NA
"243","health_index1",NA," 2","NA","4% (3%-5%)",NA,0.028613413058988,0.0469440701139171,NA,NA,NA
"244","health_index1",NA," 3","NA","18% (16%-20%)",NA,0.162082143314344,0.196929382742091,NA,NA,NA
"245","health_index1",NA," 4","NA","3% (2%-3%)",NA,0.0180659595930745,0.0336913160546441,NA,NA,NA
"246","wash_index1",NA," 1","NA","92% (91%-93%)",NA,0.90548384743268,0.930863935151399,NA,NA,NA
"247","wash_index1",NA," 2","NA","7% (6%-8%)",NA,0.0594518462506675,0.0819946271948369,NA,NA,NA
"248","wash_index1",NA," 3","NA","1% (0%-2%)",NA,0.00457368417878806,0.0176291362301936,NA,NA,NA
"249","wash_index1",NA," 4","NA","0%",NA,-1.40325684192799e-06,4.32681827657978e-06,NA,NA,NA
"250","wash_index1",NA," 1","NA","92% (91%-93%)",NA,0.90548384743268,0.930863935151399,NA,NA,NA
"251","wash_index1",NA," 2","NA","7% (6%-8%)",NA,0.0594518462506675,0.0819946271948369,NA,NA,NA
"252","wash_index1",NA," 3","NA","1% (0%-2%)",NA,0.00457368417878806,0.0176291362301936,NA,NA,NA
"253","wash_index1",NA," 4","NA","0%",NA,-1.40325684192799e-06,4.32681827657978e-06,NA,NA,NA
"254","wash_index1",NA," 1","NA","92% (91%-93%)",NA,0.90548384743268,0.930863935151399,NA,NA,NA
"255","wash_index1",NA," 2","NA","7% (6%-8%)",NA,0.0594518462506675,0.0819946271948369,NA,NA,NA
"256","wash_index1",NA," 3","NA","1% (0%-2%)",NA,0.00457368417878806,0.0176291362301936,NA,NA,NA
"257","wash_index1",NA," 4","NA","0%",NA,-1.40325684192799e-06,4.32681827657978e-06,NA,NA,NA
"258","wash_index1",NA," 1","NA","92% (91%-93%)",NA,0.90548384743268,0.930863935151399,NA,NA,NA
"259","wash_index1",NA," 2","NA","7% (6%-8%)",NA,0.0594518462506675,0.0819946271948369,NA,NA,NA
"260","wash_index1",NA," 3","NA","1% (0%-2%)",NA,0.00457368417878806,0.0176291362301936,NA,NA,NA
"261","wash_index1",NA," 4","NA","0%",NA,-1.40325684192799e-06,4.32681827657978e-06,NA,NA,NA
"262","wash_index2",NA," 1","NA","71% (69%-74%)",NA,0.690858579920761,0.737824155072987,NA,NA,NA
"263","wash_index2",NA," 3","NA","29% (26%-31%)",NA,0.262175844927013,0.309141420079239,NA,NA,NA
"264","wash_index2",NA," 1","NA","71% (69%-74%)",NA,0.690858579920761,0.737824155072987,NA,NA,NA
"265","wash_index2",NA," 3","NA","29% (26%-31%)",NA,0.262175844927013,0.309141420079239,NA,NA,NA
"266","wash_index3",NA," 1","NA","99% (99%-100%)",NA,0.99103935595702,0.998903278151193,NA,NA,NA
"267","wash_index3",NA," 2","NA","0% (0%-1%)",NA,0.000945872585606851,0.0088031862228217,NA,NA,NA
"268","wash_index3",NA," 3","NA","0%",NA,-1.3632307772713e-05,0.000321939391130732,NA,NA,NA
"269","wash_index3",NA," 1","NA","99% (99%-100%)",NA,0.99103935595702,0.998903278151193,NA,NA,NA
"270","wash_index3",NA," 2","NA","0% (0%-1%)",NA,0.000945872585606851,0.0088031862228217,NA,NA,NA
"271","wash_index3",NA," 3","NA","0%",NA,-1.3632307772713e-05,0.000321939391130732,NA,NA,NA
"272","wash_index3",NA," 1","NA","99% (99%-100%)",NA,0.99103935595702,0.998903278151193,NA,NA,NA
"273","wash_index3",NA," 2","NA","0% (0%-1%)",NA,0.000945872585606851,0.0088031862228217,NA,NA,NA
"274","wash_index3",NA," 3","NA","0%",NA,-1.3632307772713e-05,0.000321939391130732,NA,NA,NA
"275","wash_index4",NA," 1","NA","76% (74%-78%)",NA,0.7428970045102,0.781943319978137,NA,NA,NA
"276","wash_index4",NA," 2","NA","8% (7%-9%)",NA,0.0691827297636667,0.0921226659400428,NA,NA,NA
"277","wash_index4",NA," 3","NA","16% (14%-17%)",NA,0.139414277407697,0.174440002400257,NA,NA,NA
"278","wash_index4",NA," 1","NA","76% (74%-78%)",NA,0.7428970045102,0.781943319978137,NA,NA,NA
"279","wash_index4",NA," 2","NA","8% (7%-9%)",NA,0.0691827297636667,0.0921226659400428,NA,NA,NA
"280","wash_index4",NA," 3","NA","16% (14%-17%)",NA,0.139414277407697,0.174440002400257,NA,NA,NA
"281","wash_index4",NA," 1","NA","76% (74%-78%)",NA,0.7428970045102,0.781943319978137,NA,NA,NA
"282","wash_index4",NA," 2","NA","8% (7%-9%)",NA,0.0691827297636667,0.0921226659400428,NA,NA,NA
"283","wash_index4",NA," 3","NA","16% (14%-17%)",NA,0.139414277407697,0.174440002400257,NA,NA,NA
"284","wash_index5",NA,"1","NA","86% (85%-87%)",NA,0.846119367721822,0.872477908763375,NA,NA,NA
"285","wash_index5",NA,"2","NA","5% (4%-6%)",NA,0.0366895196039641,0.0555745729003169,NA,NA,NA
"286","wash_index5",NA,"3","NA","9% (8%-11%)",NA,0.0837736187837206,0.105365012226802,NA,NA,NA
"287","wash_index5",NA,"1","NA","86% (85%-87%)",NA,0.846119367721822,0.872477908763375,NA,NA,NA
"288","wash_index5",NA,"2","NA","5% (4%-6%)",NA,0.0366895196039641,0.0555745729003169,NA,NA,NA
"289","wash_index5",NA,"3","NA","9% (8%-11%)",NA,0.0837736187837206,0.105365012226802,NA,NA,NA
"290","wash_index5",NA,"1","NA","86% (85%-87%)",NA,0.846119367721822,0.872477908763375,NA,NA,NA
"291","wash_index5",NA,"2","NA","5% (4%-6%)",NA,0.0366895196039641,0.0555745729003169,NA,NA,NA
"292","wash_index5",NA,"3","NA","9% (8%-11%)",NA,0.0837736187837206,0.105365012226802,NA,NA,NA
"293","education_index1",NA," 1","NA","96% (95%-97%)",NA,0.946103387522295,0.967156450729594,NA,NA,NA
"294","education_index1",NA," 2","NA","1% (1%-1%)",NA,0.00521338991887598,0.0128198259260826,NA,NA,NA
"295","education_index1",NA," 3","NA","3% (2%-4%)",NA,0.0244737846689657,0.0442331612341864,NA,NA,NA
"296","education_index1",NA," 1","NA","96% (95%-97%)",NA,0.946103387522295,0.967156450729594,NA,NA,NA
"297","education_index1",NA," 2","NA","1% (1%-1%)",NA,0.00521338991887598,0.0128198259260826,NA,NA,NA
"298","education_index1",NA," 3","NA","3% (2%-4%)",NA,0.0244737846689657,0.0442331612341864,NA,NA,NA
"299","education_index1",NA," 1","NA","96% (95%-97%)",NA,0.946103387522295,0.967156450729594,NA,NA,NA
"300","education_index1",NA," 2","NA","1% (1%-1%)",NA,0.00521338991887598,0.0128198259260826,NA,NA,NA
"301","education_index1",NA," 3","NA","3% (2%-4%)",NA,0.0244737846689657,0.0442331612341864,NA,NA,NA
"302","education_index2",NA," 1","NA","76% (74%-79%)",NA,0.744085647198833,0.785847512001643,NA,NA,NA
"303","education_index2",NA," 2","NA","18% (17%-20%)",NA,0.165638948551043,0.202996637404293,NA,NA,NA
"304","education_index2",NA," 3","NA","4% (3%-5%)",NA,0.0266027390221864,0.0490631080940967,NA,NA,NA
"305","education_index2",NA," 4","NA","1% (1%-2%)",NA,0.00815465914307317,0.017610748584832,NA,NA,NA
"306","education_index2",NA," 1","NA","76% (74%-79%)",NA,0.744085647198833,0.785847512001643,NA,NA,NA
"307","education_index2",NA," 2","NA","18% (17%-20%)",NA,0.165638948551043,0.202996637404293,NA,NA,NA
"308","education_index2",NA," 3","NA","4% (3%-5%)",NA,0.0266027390221864,0.0490631080940967,NA,NA,NA
"309","education_index2",NA," 4","NA","1% (1%-2%)",NA,0.00815465914307317,0.017610748584832,NA,NA,NA
"310","education_index2",NA," 1","NA","76% (74%-79%)",NA,0.744085647198833,0.785847512001643,NA,NA,NA
"311","education_index2",NA," 2","NA","18% (17%-20%)",NA,0.165638948551043,0.202996637404293,NA,NA,NA
"312","education_index2",NA," 3","NA","4% (3%-5%)",NA,0.0266027390221864,0.0490631080940967,NA,NA,NA
"313","education_index2",NA," 4","NA","1% (1%-2%)",NA,0.00815465914307317,0.017610748584832,NA,NA,NA
"314","education_index2",NA," 1","NA","76% (74%-79%)",NA,0.744085647198833,0.785847512001643,NA,NA,NA
"315","education_index2",NA," 2","NA","18% (17%-20%)",NA,0.165638948551043,0.202996637404293,NA,NA,NA
"316","education_index2",NA," 3","NA","4% (3%-5%)",NA,0.0266027390221864,0.0490631080940967,NA,NA,NA
"317","education_index2",NA," 4","NA","1% (1%-2%)",NA,0.00815465914307317,0.017610748584832,NA,NA,NA
"318","capacitygap_index1",NA,"1","NA","35% (32%-37%)",NA,0.320926234960445,0.373952222155616,NA,NA,NA
"319","capacitygap_index1",NA,"2","NA","12% (10%-13%)",NA,0.102104560255304,0.134998782838546,NA,NA,NA
"320","capacitygap_index1",NA,"3","NA","49% (46%-52%)",NA,0.462843727425476,0.515997305123186,NA,NA,NA
"321","capacitygap_index1",NA,"4","NA","4% (3%-6%)",NA,0.0320424385138231,0.0571347287276036,NA,NA,NA
"322","capacitygap_index1",NA,"1","NA","35% (32%-37%)",NA,0.320926234960445,0.373952222155616,NA,NA,NA
"323","capacitygap_index1",NA,"2","NA","12% (10%-13%)",NA,0.102104560255304,0.134998782838546,NA,NA,NA
"324","capacitygap_index1",NA,"3","NA","49% (46%-52%)",NA,0.462843727425476,0.515997305123186,NA,NA,NA
"325","capacitygap_index1",NA,"4","NA","4% (3%-6%)",NA,0.0320424385138231,0.0571347287276036,NA,NA,NA
"326","capacitygap_index1",NA,"1","NA","35% (32%-37%)",NA,0.320926234960445,0.373952222155616,NA,NA,NA
"327","capacitygap_index1",NA,"2","NA","12% (10%-13%)",NA,0.102104560255304,0.134998782838546,NA,NA,NA
"328","capacitygap_index1",NA,"3","NA","49% (46%-52%)",NA,0.462843727425476,0.515997305123186,NA,NA,NA
"329","capacitygap_index1",NA,"4","NA","4% (3%-6%)",NA,0.0320424385138231,0.0571347287276036,NA,NA,NA
"330","capacitygap_index1",NA,"1","NA","35% (32%-37%)",NA,0.320926234960445,0.373952222155616,NA,NA,NA
"331","capacitygap_index1",NA,"2","NA","12% (10%-13%)",NA,0.102104560255304,0.134998782838546,NA,NA,NA
"332","capacitygap_index1",NA,"3","NA","49% (46%-52%)",NA,0.462843727425476,0.515997305123186,NA,NA,NA
"333","capacitygap_index1",NA,"4","NA","4% (3%-6%)",NA,0.0320424385138231,0.0571347287276036,NA,NA,NA
"334","vul_atlease_one",NA,"no","NA","39% (36%-41%)",NA,0.360914645360887,0.414590694836504,NA,NA,NA
"335","vul_atlease_one",NA,"yes","NA","61% (59%-64%)",NA,0.585409305163496,0.639085354639113,NA,NA,NA
"336","vul_atlease_one",NA,"no","NA","39% (36%-41%)",NA,0.360914645360887,0.414590694836504,NA,NA,NA
"337","vul_atlease_one",NA,"yes","NA","61% (59%-64%)",NA,0.585409305163496,0.639085354639113,NA,NA,NA
"338","vul_atlease_one",NA,"no","NA","39% (36%-41%)",NA,0.360914645360887,0.414590694836504,NA,NA,NA
"339","vul_atlease_one",NA,"yes","NA","61% (59%-64%)",NA,0.585409305163496,0.639085354639113,NA,NA,NA
"340","vul_atlease_one",NA,"no","NA","39% (36%-41%)",NA,0.360914645360887,0.414590694836504,NA,NA,NA
"341","vul_atlease_one",NA,"yes","NA","61% (59%-64%)",NA,0.585409305163496,0.639085354639113,NA,NA,NA
