,dependent.var,independent.var,dependent.var.value,independent.var.value,numbers,se,min,max,repeat.var,repeat.var.value,p.value
1,education_index2,NA,1,NA,76% (74%-79%),NA,0.744085647,0.785847512,NA,NA,NA
2,education_index2,NA,2,NA,18% (17%-20%),NA,0.165638949,0.202996637,NA,NA,NA
3,education_index2,NA,3,NA,4% (3%-5%),NA,0.026602739,0.049063108,NA,NA,NA
4,education_index2,NA,4,NA,1% (1%-2%),NA,0.008154659,0.017610749,NA,NA,NA
5,education_index2,NA,1,NA,76% (74%-79%),NA,0.744085647,0.785847512,NA,NA,NA
6,education_index2,NA,2,NA,18% (17%-20%),NA,0.165638949,0.202996637,NA,NA,NA
7,education_index2,NA,3,NA,4% (3%-5%),NA,0.026602739,0.049063108,NA,NA,NA
8,education_index2,NA,4,NA,1% (1%-2%),NA,0.008154659,0.017610749,NA,NA,NA
9,capacitygap_index1,NA,1,NA,35% (32%-37%),NA,0.320926235,0.373952222,NA,NA,NA
10,capacitygap_index1,NA,2,NA,12% (10%-13%),NA,0.10210456,0.134998783,NA,NA,NA
11,capacitygap_index1,NA,3,NA,49% (46%-52%),NA,0.462843727,0.515997305,NA,NA,NA
12,capacitygap_index1,NA,4,NA,4% (3%-6%),NA,0.032042439,0.057134729,NA,NA,NA
13,capacitygap_index1,NA,1,NA,35% (32%-37%),NA,0.320926235,0.373952222,NA,NA,NA
14,capacitygap_index1,NA,2,NA,12% (10%-13%),NA,0.10210456,0.134998783,NA,NA,NA
15,capacitygap_index1,NA,3,NA,49% (46%-52%),NA,0.462843727,0.515997305,NA,NA,NA
16,capacitygap_index1,NA,4,NA,4% (3%-6%),NA,0.032042439,0.057134729,NA,NA,NA
17,capacitygap_index1,NA,1,NA,35% (32%-37%),NA,0.320926235,0.373952222,NA,NA,NA
18,capacitygap_index1,NA,2,NA,12% (10%-13%),NA,0.10210456,0.134998783,NA,NA,NA
19,capacitygap_index1,NA,3,NA,49% (46%-52%),NA,0.462843727,0.515997305,NA,NA,NA
20,capacitygap_index1,NA,4,NA,4% (3%-6%),NA,0.032042439,0.057134729,NA,NA,NA
21,capacitygap_index1,NA,1,NA,35% (32%-37%),NA,0.320926235,0.373952222,NA,NA,NA
22,capacitygap_index1,NA,2,NA,12% (10%-13%),NA,0.10210456,0.134998783,NA,NA,NA
23,capacitygap_index1,NA,3,NA,49% (46%-52%),NA,0.462843727,0.515997305,NA,NA,NA
24,capacitygap_index1,NA,4,NA,4% (3%-6%),NA,0.032042439,0.057134729,NA,NA,NA
25,preexisting_vulnerability_index1,NA,1,NA,94% (93%-95%),NA,0.92991898,0.953972941,NA,NA,NA
26,preexisting_vulnerability_index1,NA,2,NA,6% (5%-7%),NA,0.046023917,0.070077876,NA,NA,NA
27,preexisting_vulnerability_index1,NA,4,NA,0%,NA,-3.02E-06,9.30E-06,NA,NA,NA
28,preexisting_vulnerability_index1,NA,1,NA,94% (93%-95%),NA,0.92991898,0.953972941,NA,NA,NA
29,preexisting_vulnerability_index1,NA,2,NA,6% (5%-7%),NA,0.046023917,0.070077876,NA,NA,NA
30,preexisting_vulnerability_index1,NA,4,NA,0%,NA,-3.02E-06,9.30E-06,NA,NA,NA
31,preexisting_vulnerability_index1,NA,1,NA,94% (93%-95%),NA,0.92991898,0.953972941,NA,NA,NA
32,preexisting_vulnerability_index1,NA,2,NA,6% (5%-7%),NA,0.046023917,0.070077876,NA,NA,NA
33,preexisting_vulnerability_index1,NA,4,NA,0%,NA,-3.02E-06,9.30E-06,NA,NA,NA
34,preexisting_vulnerability_index1,NA,1,NA,94% (93%-95%),NA,0.92991898,0.953972941,NA,NA,NA
35,preexisting_vulnerability_index1,NA,2,NA,6% (5%-7%),NA,0.046023917,0.070077876,NA,NA,NA
36,preexisting_vulnerability_index1,NA,4,NA,0%,NA,-3.02E-06,9.30E-06,NA,NA,NA
37,preexisting_vulnerability_index2,NA,1,NA,64% (62%-67%),NA,0.61911494,0.669986267,NA,NA,NA
38,preexisting_vulnerability_index2,NA,2,NA,36% (33%-38%),NA,0.330013733,0.38088506,NA,NA,NA
39,preexisting_vulnerability_index2,NA,1,NA,64% (62%-67%),NA,0.61911494,0.669986267,NA,NA,NA
40,preexisting_vulnerability_index2,NA,2,NA,36% (33%-38%),NA,0.330013733,0.38088506,NA,NA,NA
41,preexisting_vulnerability_index3,NA,1,NA,98% (97%-99%),NA,0.970987727,0.988603246,NA,NA,NA
42,preexisting_vulnerability_index3,NA,2,NA,2% (1%-3%),NA,0.011396754,0.029012273,NA,NA,NA
43,preexisting_vulnerability_index3,NA,1,NA,98% (97%-99%),NA,0.970987727,0.988603246,NA,NA,NA
44,preexisting_vulnerability_index3,NA,2,NA,2% (1%-3%),NA,0.011396754,0.029012273,NA,NA,NA
45,preexisting_vulnerability_index4,NA,1,NA,98% (97%-99%),NA,0.970191341,0.988134417,NA,NA,NA
46,preexisting_vulnerability_index4,NA,2,NA,1% (1%-2%),NA,0.006083252,0.019896509,NA,NA,NA
47,preexisting_vulnerability_index4,NA,3,NA,1% (0%-1%),NA,0.002024208,0.013670273,NA,NA,NA
48,preexisting_vulnerability_index4,NA,1,NA,98% (97%-99%),NA,0.970191341,0.988134417,NA,NA,NA
49,preexisting_vulnerability_index4,NA,2,NA,1% (1%-2%),NA,0.006083252,0.019896509,NA,NA,NA
50,preexisting_vulnerability_index4,NA,3,NA,1% (0%-1%),NA,0.002024208,0.013670273,NA,NA,NA
51,preexisting_vulnerability_index4,NA,1,NA,98% (97%-99%),NA,0.970191341,0.988134417,NA,NA,NA
52,preexisting_vulnerability_index4,NA,2,NA,1% (1%-2%),NA,0.006083252,0.019896509,NA,NA,NA
53,preexisting_vulnerability_index4,NA,3,NA,1% (0%-1%),NA,0.002024208,0.013670273,NA,NA,NA
54,preexisting_vulnerability_index5,NA,1,NA,42% (39%-44%),NA,0.392366689,0.444952683,NA,NA,NA
55,preexisting_vulnerability_index5,NA,2,NA,58% (56%-61%),NA,0.555047317,0.607633311,NA,NA,NA
56,preexisting_vulnerability_index5,NA,1,NA,42% (39%-44%),NA,0.392366689,0.444952683,NA,NA,NA
57,preexisting_vulnerability_index5,NA,2,NA,58% (56%-61%),NA,0.555047317,0.607633311,NA,NA,NA
58,preexisting_vulnerability_index6,NA,1,NA,97% (95%-98%),NA,0.95292764,0.977354007,NA,NA,NA
59,preexisting_vulnerability_index6,NA,3,NA,3% (2%-5%),NA,0.022645993,0.04707236,NA,NA,NA
60,preexisting_vulnerability_index6,NA,1,NA,97% (95%-98%),NA,0.95292764,0.977354007,NA,NA,NA
61,preexisting_vulnerability_index6,NA,3,NA,3% (2%-5%),NA,0.022645993,0.04707236,NA,NA,NA
62,preexisting_vulnerability_index7,NA,1,NA,96% (95%-96%),NA,0.946809549,0.964869082,NA,NA,NA
63,preexisting_vulnerability_index7,NA,3,NA,4% (4%-5%),NA,0.035130918,0.053190451,NA,NA,NA
64,preexisting_vulnerability_index7,NA,1,NA,96% (95%-96%),NA,0.946809549,0.964869082,NA,NA,NA
65,preexisting_vulnerability_index7,NA,3,NA,4% (4%-5%),NA,0.035130918,0.053190451,NA,NA,NA
66,impact_index1,NA,1,NA,50% (48%-53%),NA,0.476926637,0.532376528,NA,NA,NA
67,impact_index1,NA,2,NA,7% (5%-8%),NA,0.049054553,0.084949247,NA,NA,NA
68,impact_index1,NA,3,NA,43% (40%-45%),NA,0.403095469,0.453597567,NA,NA,NA
69,impact_index1,NA,1,NA,50% (48%-53%),NA,0.476926637,0.532376528,NA,NA,NA
70,impact_index1,NA,2,NA,7% (5%-8%),NA,0.049054553,0.084949247,NA,NA,NA
71,impact_index1,NA,3,NA,43% (40%-45%),NA,0.403095469,0.453597567,NA,NA,NA
72,impact_index1,NA,1,NA,50% (48%-53%),NA,0.476926637,0.532376528,NA,NA,NA
73,impact_index1,NA,2,NA,7% (5%-8%),NA,0.049054553,0.084949247,NA,NA,NA
74,impact_index1,NA,3,NA,43% (40%-45%),NA,0.403095469,0.453597567,NA,NA,NA
75,impact_index2,NA,1,NA,34% (30%-38%),NA,0.303019845,0.378766225,NA,NA,NA
76,impact_index2,NA,2,NA,59% (54%-63%),NA,0.544840338,0.625210307,NA,NA,NA
77,impact_index2,NA,3,NA,7% (5%-10%),NA,0.052819699,0.095343586,NA,NA,NA
78,impact_index2,NA,1,NA,34% (30%-38%),NA,0.303019845,0.378766225,NA,NA,NA
79,impact_index2,NA,2,NA,59% (54%-63%),NA,0.544840338,0.625210307,NA,NA,NA
80,impact_index2,NA,3,NA,7% (5%-10%),NA,0.052819699,0.095343586,NA,NA,NA
81,impact_index2,NA,1,NA,34% (30%-38%),NA,0.303019845,0.378766225,NA,NA,NA
82,impact_index2,NA,2,NA,59% (54%-63%),NA,0.544840338,0.625210307,NA,NA,NA
83,impact_index2,NA,3,NA,7% (5%-10%),NA,0.052819699,0.095343586,NA,NA,NA
84,impact_index3,NA,1,NA,98% (97%-99%),NA,0.968240842,0.985140973,NA,NA,NA
85,impact_index3,NA,2,NA,2% (1%-3%),NA,0.011949694,0.026254792,NA,NA,NA
86,impact_index3,NA,3,NA,0% (0%-1%),NA,-0.000347233,0.008760932,NA,NA,NA
87,impact_index3,NA,1,NA,98% (97%-99%),NA,0.968240842,0.985140973,NA,NA,NA
88,impact_index3,NA,2,NA,2% (1%-3%),NA,0.011949694,0.026254792,NA,NA,NA
89,impact_index3,NA,3,NA,0% (0%-1%),NA,-0.000347233,0.008760932,NA,NA,NA
90,impact_index3,NA,1,NA,98% (97%-99%),NA,0.968240842,0.985140973,NA,NA,NA
91,impact_index3,NA,2,NA,2% (1%-3%),NA,0.011949694,0.026254792,NA,NA,NA
92,impact_index3,NA,3,NA,0% (0%-1%),NA,-0.000347233,0.008760932,NA,NA,NA
93,impact_index4,NA,1,NA,97% (96%-98%),NA,0.963277827,0.97881651,NA,NA,NA
94,impact_index4,NA,2,NA,1% (0%-1%),NA,0.002925579,0.009206542,NA,NA,NA
95,impact_index4,NA,3,NA,2% (2%-3%),NA,0.015719705,0.030053837,NA,NA,NA
96,impact_index4,NA,1,NA,97% (96%-98%),NA,0.963277827,0.97881651,NA,NA,NA
97,impact_index4,NA,2,NA,1% (0%-1%),NA,0.002925579,0.009206542,NA,NA,NA
98,impact_index4,NA,3,NA,2% (2%-3%),NA,0.015719705,0.030053837,NA,NA,NA
99,impact_index4,NA,1,NA,97% (96%-98%),NA,0.963277827,0.97881651,NA,NA,NA
100,impact_index4,NA,2,NA,1% (0%-1%),NA,0.002925579,0.009206542,NA,NA,NA
101,impact_index4,NA,3,NA,2% (2%-3%),NA,0.015719705,0.030053837,NA,NA,NA
102,impact_index5,NA,1,NA,65% (63%-67%),NA,0.633974346,0.674783189,NA,NA,NA
103,impact_index5,NA,2,NA,34% (31%-36%),NA,0.314951194,0.355070565,NA,NA,NA
104,impact_index5,NA,3,NA,1% (1%-2%),NA,0.005628523,0.015592183,NA,NA,NA
105,impact_index5,NA,1,NA,65% (63%-67%),NA,0.633974346,0.674783189,NA,NA,NA
106,impact_index5,NA,2,NA,34% (31%-36%),NA,0.314951194,0.355070565,NA,NA,NA
107,impact_index5,NA,3,NA,1% (1%-2%),NA,0.005628523,0.015592183,NA,NA,NA
108,impact_index5,NA,1,NA,65% (63%-67%),NA,0.633974346,0.674783189,NA,NA,NA
109,impact_index5,NA,2,NA,34% (31%-36%),NA,0.314951194,0.355070565,NA,NA,NA
110,impact_index5,NA,3,NA,1% (1%-2%),NA,0.005628523,0.015592183,NA,NA,NA
111,impact_index6,NA,1,NA,100% (100%-100%),NA,0.996912892,0.999778464,NA,NA,NA
112,impact_index6,NA,3,NA,0%,NA,0.000221536,0.003087108,NA,NA,NA
113,impact_index6,NA,1,NA,100% (100%-100%),NA,0.996912892,0.999778464,NA,NA,NA
114,impact_index6,NA,3,NA,0%,NA,0.000221536,0.003087108,NA,NA,NA
115,impact_index7,NA,1,NA,85% (85%-85%),NA,0.854453252,0.854453252,NA,NA,NA
116,impact_index7,NA,2,NA,11% (10%-11%),NA,0.104962081,0.111104202,NA,NA,NA
117,impact_index7,NA,3,NA,4% (3%-4%),NA,0.034442546,0.040584667,NA,NA,NA
118,impact_index7,NA,1,NA,85% (85%-85%),NA,0.854453252,0.854453252,NA,NA,NA
119,impact_index7,NA,2,NA,11% (10%-11%),NA,0.104962081,0.111104202,NA,NA,NA
120,impact_index7,NA,3,NA,4% (3%-4%),NA,0.034442546,0.040584667,NA,NA,NA
121,impact_index7,NA,1,NA,85% (85%-85%),NA,0.854453252,0.854453252,NA,NA,NA
122,impact_index7,NA,2,NA,11% (10%-11%),NA,0.104962081,0.111104202,NA,NA,NA
123,impact_index7,NA,3,NA,4% (3%-4%),NA,0.034442546,0.040584667,NA,NA,NA
124,impact_index8,NA,1,NA,83% (81%-85%),NA,0.807691854,0.852076089,NA,NA,NA
125,impact_index8,NA,2,NA,4% (3%-5%),NA,0.026339985,0.04718522,NA,NA,NA
126,impact_index8,NA,3,NA,13% (11%-15%),NA,0.112754343,0.153952509,NA,NA,NA
127,impact_index8,NA,1,NA,83% (81%-85%),NA,0.807691854,0.852076089,NA,NA,NA
128,impact_index8,NA,2,NA,4% (3%-5%),NA,0.026339985,0.04718522,NA,NA,NA
129,impact_index8,NA,3,NA,13% (11%-15%),NA,0.112754343,0.153952509,NA,NA,NA
130,impact_index8,NA,1,NA,83% (81%-85%),NA,0.807691854,0.852076089,NA,NA,NA
131,impact_index8,NA,2,NA,4% (3%-5%),NA,0.026339985,0.04718522,NA,NA,NA
132,impact_index8,NA,3,NA,13% (11%-15%),NA,0.112754343,0.153952509,NA,NA,NA
133,impact_index9,NA,1,NA,99% (99%-100%),NA,0.98952256,0.999175655,NA,NA,NA
134,impact_index9,NA,2,NA,0%,NA,-7.42E-05,0.000465466,NA,NA,NA
135,impact_index9,NA,3,NA,1% (0%-1%),NA,0.000636088,0.010274389,NA,NA,NA
136,impact_index9,NA,1,NA,99% (99%-100%),NA,0.98952256,0.999175655,NA,NA,NA
137,impact_index9,NA,2,NA,0%,NA,-7.42E-05,0.000465466,NA,NA,NA
138,impact_index9,NA,3,NA,1% (0%-1%),NA,0.000636088,0.010274389,NA,NA,NA
139,impact_index9,NA,1,NA,99% (99%-100%),NA,0.98952256,0.999175655,NA,NA,NA
140,impact_index9,NA,2,NA,0%,NA,-7.42E-05,0.000465466,NA,NA,NA
141,impact_index9,NA,3,NA,1% (0%-1%),NA,0.000636088,0.010274389,NA,NA,NA
142,protection_index1,NA,1,NA,63% (61%-66%),NA,0.609639184,0.657892906,NA,NA,NA
143,protection_index1,NA,3,NA,37% (34%-39%),NA,0.342107094,0.390360816,NA,NA,NA
144,protection_index1,NA,1,NA,63% (61%-66%),NA,0.609639184,0.657892906,NA,NA,NA
145,protection_index1,NA,3,NA,37% (34%-39%),NA,0.342107094,0.390360816,NA,NA,NA
146,protection_index2,NA,1,NA,94% (92%-95%),NA,0.92417255,0.950065463,NA,NA,NA
147,protection_index2,NA,2,NA,3% (2%-4%),NA,0.023050404,0.041864022,NA,NA,NA
148,protection_index2,NA,3,NA,3% (2%-4%),NA,0.021109775,0.039737785,NA,NA,NA
149,protection_index2,NA,1,NA,94% (92%-95%),NA,0.92417255,0.950065463,NA,NA,NA
150,protection_index2,NA,2,NA,3% (2%-4%),NA,0.023050404,0.041864022,NA,NA,NA
151,protection_index2,NA,3,NA,3% (2%-4%),NA,0.021109775,0.039737785,NA,NA,NA
152,protection_index2,NA,1,NA,94% (92%-95%),NA,0.92417255,0.950065463,NA,NA,NA
153,protection_index2,NA,2,NA,3% (2%-4%),NA,0.023050404,0.041864022,NA,NA,NA
154,protection_index2,NA,3,NA,3% (2%-4%),NA,0.021109775,0.039737785,NA,NA,NA
155,protection_index3,NA,1,NA,97% (96%-98%),NA,0.955139273,0.976725796,NA,NA,NA
156,protection_index3,NA,3,NA,2% (1%-3%),NA,0.012769948,0.028322708,NA,NA,NA
157,protection_index3,NA,4,NA,1% (1%-2%),NA,0.005863798,0.021178476,NA,NA,NA
158,protection_index3,NA,1,NA,97% (96%-98%),NA,0.955139273,0.976725796,NA,NA,NA
159,protection_index3,NA,3,NA,2% (1%-3%),NA,0.012769948,0.028322708,NA,NA,NA
160,protection_index3,NA,4,NA,1% (1%-2%),NA,0.005863798,0.021178476,NA,NA,NA
161,protection_index3,NA,1,NA,97% (96%-98%),NA,0.955139273,0.976725796,NA,NA,NA
162,protection_index3,NA,3,NA,2% (1%-3%),NA,0.012769948,0.028322708,NA,NA,NA
163,protection_index3,NA,4,NA,1% (1%-2%),NA,0.005863798,0.021178476,NA,NA,NA
164,protection_index4,NA,1,NA,98% (98%-99%),NA,0.978784527,0.990538007,NA,NA,NA
165,protection_index4,NA,4,NA,2% (1%-2%),NA,0.009461993,0.021215473,NA,NA,NA
166,protection_index4,NA,1,NA,98% (98%-99%),NA,0.978784527,0.990538007,NA,NA,NA
167,protection_index4,NA,4,NA,2% (1%-2%),NA,0.009461993,0.021215473,NA,NA,NA
168,protection_index5,NA,1,NA,94% (92%-95%),NA,0.924325917,0.95085145,NA,NA,NA
169,protection_index5,NA,3,NA,6% (5%-8%),NA,0.04914855,0.075674083,NA,NA,NA
170,protection_index5,NA,1,NA,94% (92%-95%),NA,0.924325917,0.95085145,NA,NA,NA
171,protection_index5,NA,3,NA,6% (5%-8%),NA,0.04914855,0.075674083,NA,NA,NA
172,protection_index6,NA,1,NA,97% (96%-99%),NA,0.960598317,0.985772347,NA,NA,NA
173,protection_index6,NA,2,NA,3% (1%-4%),NA,0.014227653,0.039401683,NA,NA,NA
174,protection_index6,NA,1,NA,97% (96%-99%),NA,0.960598317,0.985772347,NA,NA,NA
175,protection_index6,NA,2,NA,3% (1%-4%),NA,0.014227653,0.039401683,NA,NA,NA
176,shelter_nfi_index1,NA,1,NA,99% (98%-99%),NA,0.977852388,0.993753949,NA,NA,NA
177,shelter_nfi_index1,NA,3,NA,1% (1%-2%),NA,0.006246051,0.022147612,NA,NA,NA
178,shelter_nfi_index1,NA,1,NA,99% (98%-99%),NA,0.977852388,0.993753949,NA,NA,NA
179,shelter_nfi_index1,NA,3,NA,1% (1%-2%),NA,0.006246051,0.022147612,NA,NA,NA
180,shelter_nfi_index2,NA,1,NA,95% (94%-97%),NA,0.94413552,0.965066141,NA,NA,NA
181,shelter_nfi_index2,NA,2,NA,3% (2%-4%),NA,0.022745348,0.04078861,NA,NA,NA
182,shelter_nfi_index2,NA,3,NA,1% (1%-2%),NA,0.005655854,0.016100228,NA,NA,NA
183,shelter_nfi_index2,NA,4,NA,0%,NA,0.000728673,0.004779625,NA,NA,NA
184,shelter_nfi_index2,NA,1,NA,95% (94%-97%),NA,0.94413552,0.965066141,NA,NA,NA
185,shelter_nfi_index2,NA,2,NA,3% (2%-4%),NA,0.022745348,0.04078861,NA,NA,NA
186,shelter_nfi_index2,NA,3,NA,1% (1%-2%),NA,0.005655854,0.016100228,NA,NA,NA
187,shelter_nfi_index2,NA,4,NA,0%,NA,0.000728673,0.004779625,NA,NA,NA
188,shelter_nfi_index2,NA,1,NA,95% (94%-97%),NA,0.94413552,0.965066141,NA,NA,NA
189,shelter_nfi_index2,NA,2,NA,3% (2%-4%),NA,0.022745348,0.04078861,NA,NA,NA
190,shelter_nfi_index2,NA,3,NA,1% (1%-2%),NA,0.005655854,0.016100228,NA,NA,NA
191,shelter_nfi_index2,NA,4,NA,0%,NA,0.000728673,0.004779625,NA,NA,NA
192,shelter_nfi_index2,NA,1,NA,95% (94%-97%),NA,0.94413552,0.965066141,NA,NA,NA
193,shelter_nfi_index2,NA,2,NA,3% (2%-4%),NA,0.022745348,0.04078861,NA,NA,NA
194,shelter_nfi_index2,NA,3,NA,1% (1%-2%),NA,0.005655854,0.016100228,NA,NA,NA
195,shelter_nfi_index2,NA,4,NA,0%,NA,0.000728673,0.004779625,NA,NA,NA
196,shelter_nfi_index3,NA,1,NA,98% (97%-98%),NA,0.970506447,0.983118907,NA,NA,NA
197,shelter_nfi_index3,NA,3,NA,2% (2%-3%),NA,0.016881093,0.029493553,NA,NA,NA
198,shelter_nfi_index3,NA,1,NA,98% (97%-98%),NA,0.970506447,0.983118907,NA,NA,NA
199,shelter_nfi_index3,NA,3,NA,2% (2%-3%),NA,0.016881093,0.029493553,NA,NA,NA
200,shelter_nfi_index4,NA,1,NA,97% (96%-98%),NA,0.960017328,0.977799073,NA,NA,NA
201,shelter_nfi_index4,NA,3,NA,3% (2%-4%),NA,0.022200927,0.039982672,NA,NA,NA
202,shelter_nfi_index4,NA,1,NA,97% (96%-98%),NA,0.960017328,0.977799073,NA,NA,NA
203,shelter_nfi_index4,NA,3,NA,3% (2%-4%),NA,0.022200927,0.039982672,NA,NA,NA
204,fcs_index1,NA,1,NA,96% (95%-97%),NA,0.950817765,0.966856614,NA,NA,NA
205,fcs_index1,NA,3,NA,3% (3%-4%),NA,0.025741235,0.040285346,NA,NA,NA
206,fcs_index1,NA,4,NA,1% (0%-1%),NA,0.004484226,0.011814813,NA,NA,NA
207,fcs_index1,NA,1,NA,96% (95%-97%),NA,0.950817765,0.966856614,NA,NA,NA
208,fcs_index1,NA,3,NA,3% (3%-4%),NA,0.025741235,0.040285346,NA,NA,NA
209,fcs_index1,NA,4,NA,1% (0%-1%),NA,0.004484226,0.011814813,NA,NA,NA
210,fcs_index1,NA,1,NA,96% (95%-97%),NA,0.950817765,0.966856614,NA,NA,NA
211,fcs_index1,NA,3,NA,3% (3%-4%),NA,0.025741235,0.040285346,NA,NA,NA
212,fcs_index1,NA,4,NA,1% (0%-1%),NA,0.004484226,0.011814813,NA,NA,NA
213,fcs_index2,NA,1,NA,69% (67%-71%),NA,0.670651592,0.709989828,NA,NA,NA
214,fcs_index2,NA,2,NA,31% (29%-33%),NA,0.290010172,0.329348408,NA,NA,NA
215,fcs_index2,NA,1,NA,69% (67%-71%),NA,0.670651592,0.709989828,NA,NA,NA
216,fcs_index2,NA,2,NA,31% (29%-33%),NA,0.290010172,0.329348408,NA,NA,NA
217,fcs_index3,NA,1,NA,60% (57%-63%),NA,0.574696484,0.627980332,NA,NA,NA
218,fcs_index3,NA,3,NA,26% (24%-29%),NA,0.239359052,0.287319251,NA,NA,NA
219,fcs_index3,NA,4,NA,14% (12%-15%),NA,0.116348138,0.154296743,NA,NA,NA
220,fcs_index3,NA,1,NA,60% (57%-63%),NA,0.574696484,0.627980332,NA,NA,NA
221,fcs_index3,NA,3,NA,26% (24%-29%),NA,0.239359052,0.287319251,NA,NA,NA
222,fcs_index3,NA,4,NA,14% (12%-15%),NA,0.116348138,0.154296743,NA,NA,NA
223,fcs_index3,NA,1,NA,60% (57%-63%),NA,0.574696484,0.627980332,NA,NA,NA
224,fcs_index3,NA,3,NA,26% (24%-29%),NA,0.239359052,0.287319251,NA,NA,NA
225,fcs_index3,NA,4,NA,14% (12%-15%),NA,0.116348138,0.154296743,NA,NA,NA
226,fcs_index4,NA,1,NA,57% (55%-60%),NA,0.55087165,0.597510596,NA,NA,NA
227,fcs_index4,NA,2,NA,43% (40%-45%),NA,0.402489404,0.44912835,NA,NA,NA
228,fcs_index4,NA,1,NA,57% (55%-60%),NA,0.55087165,0.597510596,NA,NA,NA
229,fcs_index4,NA,2,NA,43% (40%-45%),NA,0.402489404,0.44912835,NA,NA,NA
230,health_index1,NA,1,NA,76% (74%-78%),NA,0.73704321,0.776630505,NA,NA,NA
231,health_index1,NA,2,NA,4% (3%-5%),NA,0.028613413,0.04694407,NA,NA,NA
232,health_index1,NA,3,NA,18% (16%-20%),NA,0.162082143,0.196929383,NA,NA,NA
233,health_index1,NA,4,NA,3% (2%-3%),NA,0.01806596,0.033691316,NA,NA,NA
234,health_index1,NA,1,NA,76% (74%-78%),NA,0.73704321,0.776630505,NA,NA,NA
235,health_index1,NA,2,NA,4% (3%-5%),NA,0.028613413,0.04694407,NA,NA,NA
236,health_index1,NA,3,NA,18% (16%-20%),NA,0.162082143,0.196929383,NA,NA,NA
237,health_index1,NA,4,NA,3% (2%-3%),NA,0.01806596,0.033691316,NA,NA,NA
238,health_index1,NA,1,NA,76% (74%-78%),NA,0.73704321,0.776630505,NA,NA,NA
239,health_index1,NA,2,NA,4% (3%-5%),NA,0.028613413,0.04694407,NA,NA,NA
240,health_index1,NA,3,NA,18% (16%-20%),NA,0.162082143,0.196929383,NA,NA,NA
241,health_index1,NA,4,NA,3% (2%-3%),NA,0.01806596,0.033691316,NA,NA,NA
242,health_index1,NA,1,NA,76% (74%-78%),NA,0.73704321,0.776630505,NA,NA,NA
243,health_index1,NA,2,NA,4% (3%-5%),NA,0.028613413,0.04694407,NA,NA,NA
244,health_index1,NA,3,NA,18% (16%-20%),NA,0.162082143,0.196929383,NA,NA,NA
245,health_index1,NA,4,NA,3% (2%-3%),NA,0.01806596,0.033691316,NA,NA,NA
246,wash_index1,NA,1,NA,92% (91%-93%),NA,0.905483847,0.930863935,NA,NA,NA
247,wash_index1,NA,2,NA,7% (6%-8%),NA,0.059451846,0.081994627,NA,NA,NA
248,wash_index1,NA,3,NA,1% (0%-2%),NA,0.004573684,0.017629136,NA,NA,NA
249,wash_index1,NA,4,NA,0%,NA,-1.40E-06,4.33E-06,NA,NA,NA
250,wash_index1,NA,1,NA,92% (91%-93%),NA,0.905483847,0.930863935,NA,NA,NA
251,wash_index1,NA,2,NA,7% (6%-8%),NA,0.059451846,0.081994627,NA,NA,NA
252,wash_index1,NA,3,NA,1% (0%-2%),NA,0.004573684,0.017629136,NA,NA,NA
253,wash_index1,NA,4,NA,0%,NA,-1.40E-06,4.33E-06,NA,NA,NA
254,wash_index1,NA,1,NA,92% (91%-93%),NA,0.905483847,0.930863935,NA,NA,NA
255,wash_index1,NA,2,NA,7% (6%-8%),NA,0.059451846,0.081994627,NA,NA,NA
256,wash_index1,NA,3,NA,1% (0%-2%),NA,0.004573684,0.017629136,NA,NA,NA
257,wash_index1,NA,4,NA,0%,NA,-1.40E-06,4.33E-06,NA,NA,NA
258,wash_index1,NA,1,NA,92% (91%-93%),NA,0.905483847,0.930863935,NA,NA,NA
259,wash_index1,NA,2,NA,7% (6%-8%),NA,0.059451846,0.081994627,NA,NA,NA
260,wash_index1,NA,3,NA,1% (0%-2%),NA,0.004573684,0.017629136,NA,NA,NA
261,wash_index1,NA,4,NA,0%,NA,-1.40E-06,4.33E-06,NA,NA,NA
262,wash_index2,NA,1,NA,71% (69%-74%),NA,0.69085858,0.737824155,NA,NA,NA
263,wash_index2,NA,3,NA,29% (26%-31%),NA,0.262175845,0.30914142,NA,NA,NA
264,wash_index2,NA,1,NA,71% (69%-74%),NA,0.69085858,0.737824155,NA,NA,NA
265,wash_index2,NA,3,NA,29% (26%-31%),NA,0.262175845,0.30914142,NA,NA,NA
266,wash_index3,NA,1,NA,99% (99%-100%),NA,0.991039356,0.998903278,NA,NA,NA
267,wash_index3,NA,2,NA,0% (0%-1%),NA,0.000945873,0.008803186,NA,NA,NA
268,wash_index3,NA,3,NA,0%,NA,-1.36E-05,0.000321939,NA,NA,NA
269,wash_index3,NA,1,NA,99% (99%-100%),NA,0.991039356,0.998903278,NA,NA,NA
270,wash_index3,NA,2,NA,0% (0%-1%),NA,0.000945873,0.008803186,NA,NA,NA
271,wash_index3,NA,3,NA,0%,NA,-1.36E-05,0.000321939,NA,NA,NA
272,wash_index3,NA,1,NA,99% (99%-100%),NA,0.991039356,0.998903278,NA,NA,NA
273,wash_index3,NA,2,NA,0% (0%-1%),NA,0.000945873,0.008803186,NA,NA,NA
274,wash_index3,NA,3,NA,0%,NA,-1.36E-05,0.000321939,NA,NA,NA
275,wash_index4,NA,1,NA,76% (74%-78%),NA,0.742897005,0.78194332,NA,NA,NA
276,wash_index4,NA,2,NA,8% (7%-9%),NA,0.06918273,0.092122666,NA,NA,NA
277,wash_index4,NA,3,NA,16% (14%-17%),NA,0.139414277,0.174440002,NA,NA,NA
278,wash_index4,NA,1,NA,76% (74%-78%),NA,0.742897005,0.78194332,NA,NA,NA
279,wash_index4,NA,2,NA,8% (7%-9%),NA,0.06918273,0.092122666,NA,NA,NA
280,wash_index4,NA,3,NA,16% (14%-17%),NA,0.139414277,0.174440002,NA,NA,NA
281,wash_index4,NA,1,NA,76% (74%-78%),NA,0.742897005,0.78194332,NA,NA,NA
282,wash_index4,NA,2,NA,8% (7%-9%),NA,0.06918273,0.092122666,NA,NA,NA
283,wash_index4,NA,3,NA,16% (14%-17%),NA,0.139414277,0.174440002,NA,NA,NA
284,wash_index5,NA,1,NA,86% (85%-87%),NA,0.846119368,0.872477909,NA,NA,NA
285,wash_index5,NA,2,NA,5% (4%-6%),NA,0.03668952,0.055574573,NA,NA,NA
286,wash_index5,NA,3,NA,9% (8%-11%),NA,0.083773619,0.105365012,NA,NA,NA
287,wash_index5,NA,1,NA,86% (85%-87%),NA,0.846119368,0.872477909,NA,NA,NA
288,wash_index5,NA,2,NA,5% (4%-6%),NA,0.03668952,0.055574573,NA,NA,NA
289,wash_index5,NA,3,NA,9% (8%-11%),NA,0.083773619,0.105365012,NA,NA,NA
290,wash_index5,NA,1,NA,86% (85%-87%),NA,0.846119368,0.872477909,NA,NA,NA
291,wash_index5,NA,2,NA,5% (4%-6%),NA,0.03668952,0.055574573,NA,NA,NA
292,wash_index5,NA,3,NA,9% (8%-11%),NA,0.083773619,0.105365012,NA,NA,NA
293,education_index1,NA,1,NA,96% (95%-97%),NA,0.946103388,0.967156451,NA,NA,NA
294,education_index1,NA,2,NA,1% (1%-1%),NA,0.00521339,0.012819826,NA,NA,NA
295,education_index1,NA,3,NA,3% (2%-4%),NA,0.024473785,0.044233161,NA,NA,NA
296,education_index1,NA,1,NA,96% (95%-97%),NA,0.946103388,0.967156451,NA,NA,NA
297,education_index1,NA,2,NA,1% (1%-1%),NA,0.00521339,0.012819826,NA,NA,NA
298,education_index1,NA,3,NA,3% (2%-4%),NA,0.024473785,0.044233161,NA,NA,NA
299,education_index1,NA,1,NA,96% (95%-97%),NA,0.946103388,0.967156451,NA,NA,NA
300,education_index1,NA,2,NA,1% (1%-1%),NA,0.00521339,0.012819826,NA,NA,NA
301,education_index1,NA,3,NA,3% (2%-4%),NA,0.024473785,0.044233161,NA,NA,NA
302,education_index2,NA,1,NA,76% (74%-79%),NA,0.744085647,0.785847512,NA,NA,NA
303,education_index2,NA,2,NA,18% (17%-20%),NA,0.165638949,0.202996637,NA,NA,NA
304,education_index2,NA,3,NA,4% (3%-5%),NA,0.026602739,0.049063108,NA,NA,NA
305,education_index2,NA,4,NA,1% (1%-2%),NA,0.008154659,0.017610749,NA,NA,NA
306,education_index2,NA,1,NA,76% (74%-79%),NA,0.744085647,0.785847512,NA,NA,NA
307,education_index2,NA,2,NA,18% (17%-20%),NA,0.165638949,0.202996637,NA,NA,NA
308,education_index2,NA,3,NA,4% (3%-5%),NA,0.026602739,0.049063108,NA,NA,NA
309,education_index2,NA,4,NA,1% (1%-2%),NA,0.008154659,0.017610749,NA,NA,NA
310,education_index2,NA,1,NA,76% (74%-79%),NA,0.744085647,0.785847512,NA,NA,NA
311,education_index2,NA,2,NA,18% (17%-20%),NA,0.165638949,0.202996637,NA,NA,NA
312,education_index2,NA,3,NA,4% (3%-5%),NA,0.026602739,0.049063108,NA,NA,NA
313,education_index2,NA,4,NA,1% (1%-2%),NA,0.008154659,0.017610749,NA,NA,NA
314,education_index2,NA,1,NA,76% (74%-79%),NA,0.744085647,0.785847512,NA,NA,NA
315,education_index2,NA,2,NA,18% (17%-20%),NA,0.165638949,0.202996637,NA,NA,NA
316,education_index2,NA,3,NA,4% (3%-5%),NA,0.026602739,0.049063108,NA,NA,NA
317,education_index2,NA,4,NA,1% (1%-2%),NA,0.008154659,0.017610749,NA,NA,NA
318,capacitygap_index1,NA,1,NA,35% (32%-37%),NA,0.320926235,0.373952222,NA,NA,NA
319,capacitygap_index1,NA,2,NA,12% (10%-13%),NA,0.10210456,0.134998783,NA,NA,NA
320,capacitygap_index1,NA,3,NA,49% (46%-52%),NA,0.462843727,0.515997305,NA,NA,NA
321,capacitygap_index1,NA,4,NA,4% (3%-6%),NA,0.032042439,0.057134729,NA,NA,NA
322,capacitygap_index1,NA,1,NA,35% (32%-37%),NA,0.320926235,0.373952222,NA,NA,NA
323,capacitygap_index1,NA,2,NA,12% (10%-13%),NA,0.10210456,0.134998783,NA,NA,NA
324,capacitygap_index1,NA,3,NA,49% (46%-52%),NA,0.462843727,0.515997305,NA,NA,NA
325,capacitygap_index1,NA,4,NA,4% (3%-6%),NA,0.032042439,0.057134729,NA,NA,NA
326,capacitygap_index1,NA,1,NA,35% (32%-37%),NA,0.320926235,0.373952222,NA,NA,NA
327,capacitygap_index1,NA,2,NA,12% (10%-13%),NA,0.10210456,0.134998783,NA,NA,NA
328,capacitygap_index1,NA,3,NA,49% (46%-52%),NA,0.462843727,0.515997305,NA,NA,NA
329,capacitygap_index1,NA,4,NA,4% (3%-6%),NA,0.032042439,0.057134729,NA,NA,NA
330,capacitygap_index1,NA,1,NA,35% (32%-37%),NA,0.320926235,0.373952222,NA,NA,NA
331,capacitygap_index1,NA,2,NA,12% (10%-13%),NA,0.10210456,0.134998783,NA,NA,NA
332,capacitygap_index1,NA,3,NA,49% (46%-52%),NA,0.462843727,0.515997305,NA,NA,NA
333,capacitygap_index1,NA,4,NA,4% (3%-6%),NA,0.032042439,0.057134729,NA,NA,NA
334,vul_atlease_one,NA,no,NA,39% (36%-41%),NA,0.360914645,0.414590695,NA,NA,NA
335,vul_atlease_one,NA,yes,NA,61% (59%-64%),NA,0.585409305,0.639085355,NA,NA,NA
336,vul_atlease_one,NA,no,NA,39% (36%-41%),NA,0.360914645,0.414590695,NA,NA,NA
337,vul_atlease_one,NA,yes,NA,61% (59%-64%),NA,0.585409305,0.639085355,NA,NA,NA
338,vul_atlease_one,NA,no,NA,39% (36%-41%),NA,0.360914645,0.414590695,NA,NA,NA
339,vul_atlease_one,NA,yes,NA,61% (59%-64%),NA,0.585409305,0.639085355,NA,NA,NA
340,vul_atlease_one,NA,no,NA,39% (36%-41%),NA,0.360914645,0.414590695,NA,NA,NA
341,vul_atlease_one,NA,yes,NA,61% (59%-64%),NA,0.585409305,0.639085355,NA,NA,NA